time,temperature_2m_max,relative_humidity_2m_mean,wind_speed_10m_max,precipitation_sum,city,target_precipitation
2024-01-01,31.7,66,15.9,0.0,Mumbai,0.0
2024-01-02,31.0,67,20.0,0.0,Mumbai,0.0
2024-01-03,30.1,65,18.7,0.0,Mumbai,0.0
2024-01-04,28.9,75,18.6,0.0,Mumbai,0.0
2024-01-05,29.8,73,17.6,0.0,Mumbai,0.0
2024-01-06,31.8,61,21.4,0.0,Mumbai,0.0
2024-01-07,31.7,64,17.3,0.0,Mumbai,0.0
2024-01-08,32.9,57,17.6,0.0,Mumbai,0.7
2024-01-09,30.7,70,12.7,0.7,Mumbai,0.7
2024-01-10,30.5,71,11.5,0.7,Mumbai,0.8
2024-01-11,32.8,66,17.6,0.8,Mumbai,0.0
2024-01-12,34.2,61,18.3,0.0,Mumbai,0.0
2024-01-13,32.9,62,18.4,0.0,Mumbai,0.0
2024-01-14,32.7,50,19.7,0.0,Mumbai,0.0
2024-01-15,30.1,42,20.9,0.0,Mumbai,0.0
2024-01-16,28.4,57,17.4,0.0,Mumbai,0.0
2024-01-17,27.6,65,15.5,0.0,Mumbai,0.0
2024-01-18,27.9,66,17.1,0.0,Mumbai,0.0
2024-01-19,27.7,70,13.2,0.0,Mumbai,0.0
2024-01-20,28.4,65,21.9,0.0,Mumbai,0.0
2024-01-21,30.2,52,18.4,0.0,Mumbai,0.0
2024-01-22,29.8,53,18.3,0.0,Mumbai,0.0
2024-01-23,29.7,39,24.9,0.0,Mumbai,0.0
2024-01-24,30.6,39,21.3,0.0,Mumbai,0.0
2024-01-25,31.2,43,15.6,0.0,Mumbai,0.0
2024-01-26,32.0,48,15.7,0.0,Mumbai,0.0
2024-01-27,32.7,47,16.2,0.0,Mumbai,0.0
2024-01-28,32.7,47,18.3,0.0,Mumbai,0.0
2024-01-29,32.0,43,22.4,0.0,Mumbai,0.0
2024-01-30,31.4,49,20.4,0.0,Mumbai,0.0
2024-01-31,29.5,64,19.4,0.0,Mumbai,0.0
2024-02-01,28.2,70,20.4,0.0,Mumbai,0.0
2024-02-02,30.1,68,21.1,0.0,Mumbai,0.0
2024-02-03,34.2,49,22.2,0.0,Mumbai,0.0
2024-02-04,33.5,55,13.1,0.0,Mumbai,0.0
2024-02-05,32.2,54,18.6,0.0,Mumbai,0.0
2024-02-06,32.0,57,19.9,0.0,Mumbai,0.0
2024-02-07,32.4,58,24.0,0.0,Mumbai,0.0
2024-02-08,32.2,53,24.5,0.0,Mumbai,0.0
2024-02-09,31.1,52,23.1,0.0,Mumbai,0.0
2024-02-10,30.9,41,24.4,0.0,Mumbai,0.0
2024-02-11,31.0,45,22.2,0.0,Mumbai,0.0
2024-02-12,31.5,53,15.0,0.0,Mumbai,0.0
2024-02-13,31.8,42,22.3,0.0,Mumbai,0.0
2024-02-14,33.0,39,23.7,0.0,Mumbai,0.0
2024-02-15,32.7,44,20.9,0.0,Mumbai,0.0
2024-02-16,34.5,56,17.2,0.0,Mumbai,0.0
2024-02-17,33.5,58,14.5,0.0,Mumbai,0.0
2024-02-18,34.9,55,21.7,0.0,Mumbai,0.0
2024-02-19,32.3,50,20.6,0.0,Mumbai,0.0
2024-02-20,31.5,62,25.3,0.0,Mumbai,0.1
2024-02-21,28.8,76,19.3,0.1,Mumbai,0.2
2024-02-22,28.7,78,19.6,0.2,Mumbai,0.0
2024-02-23,30.2,63,24.9,0.0,Mumbai,0.0
2024-02-24,31.8,35,27.8,0.0,Mumbai,0.0
2024-02-25,34.3,29,19.0,0.0,Mumbai,0.0
2024-02-26,34.8,47,17.3,0.0,Mumbai,0.0
2024-02-27,34.0,51,21.4,0.0,Mumbai,0.0
2024-02-28,35.2,41,21.9,0.0,Mumbai,0.0
2024-02-29,34.4,53,19.0,0.0,Mumbai,0.0
2024-03-01,33.9,60,19.6,0.0,Mumbai,0.0
2024-03-02,30.1,77,19.4,0.0,Mumbai,0.2
2024-03-03,28.0,73,18.9,0.2,Mumbai,0.0
2024-03-04,28.4,62,21.2,0.0,Mumbai,0.0
2024-03-05,30.6,46,23.0,0.0,Mumbai,0.0
2024-03-06,31.1,35,23.7,0.0,Mumbai,0.0
2024-03-07,32.7,39,24.2,0.0,Mumbai,0.0
2024-03-08,35.1,30,27.9,0.0,Mumbai,0.0
2024-03-09,35.0,31,23.2,0.0,Mumbai,0.0
2024-03-10,32.8,36,21.1,0.0,Mumbai,0.0
2024-03-11,34.6,47,25.5,0.0,Mumbai,0.0
2024-03-12,34.9,45,22.2,0.0,Mumbai,0.0
2024-03-13,31.5,64,24.2,0.0,Mumbai,0.0
2024-03-14,31.0,71,23.9,0.0,Mumbai,0.0
2024-03-15,30.0,74,16.9,0.0,Mumbai,0.0
2024-03-16,30.4,75,20.2,0.0,Mumbai,0.0
2024-03-17,31.6,75,18.8,0.0,Mumbai,0.0
2024-03-18,31.5,79,17.6,0.0,Mumbai,0.0
2024-03-19,33.1,68,21.4,0.0,Mumbai,0.0
2024-03-20,38.0,31,22.4,0.0,Mumbai,0.0
2024-03-21,37.8,27,18.9,0.0,Mumbai,0.0
2024-03-22,33.8,68,18.0,0.0,Mumbai,0.0
2024-03-23,33.2,68,18.7,0.0,Mumbai,0.0
2024-03-24,31.8,75,18.9,0.0,Mumbai,0.0
2024-03-25,32.5,73,20.3,0.0,Mumbai,0.0
2024-03-26,34.2,71,22.2,0.0,Mumbai,0.0
2024-03-27,33.1,79,22.3,0.0,Mumbai,0.0
2024-03-28,33.0,78,18.4,0.0,Mumbai,0.0
2024-03-29,34.7,69,19.9,0.0,Mumbai,0.0
2024-03-30,34.2,66,24.0,0.0,Mumbai,0.0
2024-03-31,34.1,55,24.0,0.0,Mumbai,0.0
2024-04-01,33.8,68,20.0,0.0,Mumbai,0.0
2024-04-02,33.2,72,19.0,0.0,Mumbai,0.0
2024-04-03,33.4,70,20.6,0.0,Mumbai,0.0
2024-04-04,32.9,71,21.4,0.0,Mumbai,0.0
2024-04-05,35.4,62,26.7,0.0,Mumbai,0.0
2024-04-06,36.8,44,28.4,0.0,Mumbai,0.0
2024-04-07,36.5,47,26.0,0.0,Mumbai,0.0
2024-04-08,33.4,67,19.8,0.0,Mumbai,0.0
2024-04-09,34.2,74,19.0,0.0,Mumbai,0.0
2024-04-10,33.4,77,20.2,0.0,Mumbai,0.0
2024-04-11,33.5,73,18.8,0.0,Mumbai,0.0
2024-04-12,33.8,67,17.6,0.0,Mumbai,0.0
2024-04-13,31.5,73,17.7,0.0,Mumbai,0.0
2024-04-14,32.6,79,23.8,0.0,Mumbai,0.0
2024-04-15,36.3,65,21.7,0.0,Mumbai,0.0
2024-04-16,41.3,47,21.6,0.0,Mumbai,0.0
2024-04-17,33.8,66,18.2,0.0,Mumbai,0.0
2024-04-18,34.3,73,21.3,0.0,Mumbai,0.0
2024-04-19,35.7,64,26.7,0.0,Mumbai,0.0
2024-04-20,35.7,59,27.0,0.0,Mumbai,0.0
2024-04-21,34.0,61,26.0,0.0,Mumbai,0.0
2024-04-22,34.3,66,24.4,0.0,Mumbai,0.0
2024-04-23,34.4,68,23.5,0.0,Mumbai,0.0
2024-04-24,33.9,72,22.3,0.0,Mumbai,0.0
2024-04-25,34.4,68,25.5,0.0,Mumbai,0.0
2024-04-26,35.2,65,22.1,0.0,Mumbai,0.0
2024-04-27,36.1,60,23.4,0.0,Mumbai,0.0
2024-04-28,39.4,47,27.2,0.0,Mumbai,0.0
2024-04-29,38.2,44,26.6,0.0,Mumbai,0.0
2024-04-30,37.6,53,27.0,0.0,Mumbai,0.0
2024-05-01,34.5,64,20.0,0.0,Mumbai,0.0
2024-05-02,33.4,69,20.5,0.0,Mumbai,0.0
2024-05-03,33.2,77,20.2,0.0,Mumbai,0.0
2024-05-04,33.2,80,21.9,0.0,Mumbai,0.0
2024-05-05,34.7,74,23.5,0.0,Mumbai,0.0
2024-05-06,33.2,78,20.7,0.0,Mumbai,0.0
2024-05-07,33.4,77,20.4,0.0,Mumbai,0.0
2024-05-08,33.0,74,24.4,0.0,Mumbai,0.0
2024-05-09,32.9,77,20.3,0.0,Mumbai,0.0
2024-05-10,33.2,76,19.9,0.0,Mumbai,0.0
2024-05-11,33.6,78,23.9,0.0,Mumbai,0.0
2024-05-12,33.9,75,22.4,0.0,Mumbai,1.8
2024-05-13,34.8,73,22.5,1.8,Mumbai,0.0
2024-05-14,37.6,64,23.7,0.0,Mumbai,0.0
2024-05-15,36.0,69,21.1,0.0,Mumbai,0.1
2024-05-16,38.9,66,18.1,0.1,Mumbai,0.0
2024-05-17,36.3,67,17.3,0.0,Mumbai,0.0
2024-05-18,34.7,79,17.3,0.0,Mumbai,5.6
2024-05-19,34.1,77,19.3,5.6,Mumbai,0.0
2024-05-20,35.1,74,21.2,0.0,Mumbai,0.1
2024-05-21,35.4,75,21.9,0.1,Mumbai,0.3
2024-05-22,34.5,77,18.7,0.3,Mumbai,0.0
2024-05-23,34.2,78,24.2,0.0,Mumbai,0.2
2024-05-24,34.7,76,18.4,0.2,Mumbai,0.7
2024-05-25,33.7,73,19.4,0.7,Mumbai,0.5
2024-05-26,33.4,69,21.3,0.5,Mumbai,0.5
2024-05-27,33.6,72,21.3,0.5,Mumbai,0.6
2024-05-28,33.7,70,21.3,0.6,Mumbai,0.4
2024-05-29,34.0,64,23.4,0.4,Mumbai,0.2
2024-05-30,34.6,65,19.2,0.2,Mumbai,0.6
2024-05-31,34.4,79,19.5,0.6,Mumbai,0.8
2024-06-01,34.1,74,18.7,0.8,Mumbai,0.3
2024-06-02,34.5,69,17.9,0.3,Mumbai,0.7
2024-06-03,34.2,70,15.5,0.7,Mumbai,4.8
2024-06-04,33.5,77,15.9,4.8,Mumbai,6.7
2024-06-05,33.8,78,16.5,6.7,Mumbai,1.2
2024-06-06,34.1,78,17.3,1.2,Mumbai,1.1
2024-06-07,33.6,74,18.0,1.1,Mumbai,6.3
2024-06-08,34.4,74,20.0,6.3,Mumbai,23.0
2024-06-09,31.6,81,13.6,23.0,Mumbai,33.2
2024-06-10,29.8,87,14.7,33.2,Mumbai,10.8
2024-06-11,30.2,87,13.5,10.8,Mumbai,14.3
2024-06-12,30.0,86,16.1,14.3,Mumbai,13.6
2024-06-13,30.0,86,17.7,13.6,Mumbai,8.6
2024-06-14,29.2,86,18.3,8.6,Mumbai,2.2
2024-06-15,29.8,83,18.9,2.2,Mumbai,1.4
2024-06-16,31.0,81,15.0,1.4,Mumbai,7.4
2024-06-17,31.6,83,18.6,7.4,Mumbai,30.3
2024-06-18,29.8,87,20.8,30.3,Mumbai,23.3
2024-06-19,29.2,85,18.9,23.3,Mumbai,48.6
2024-06-20,28.5,88,20.7,48.6,Mumbai,22.9
2024-06-21,31.1,86,20.9,22.9,Mumbai,5.3
2024-06-22,30.2,85,16.8,5.3,Mumbai,4.2
2024-06-23,29.8,86,16.6,4.2,Mumbai,11.3
2024-06-24,29.7,86,18.0,11.3,Mumbai,6.8
2024-06-25,30.6,85,31.7,6.8,Mumbai,23.0
2024-06-26,30.5,87,29.9,23.0,Mumbai,98.7
2024-06-27,28.8,90,27.5,98.7,Mumbai,45.3
2024-06-28,28.2,89,27.8,45.3,Mumbai,21.3
2024-06-29,30.1,87,26.2,21.3,Mumbai,21.3
2024-06-30,29.4,87,30.6,21.3,Mumbai,16.3
2024-07-01,30.6,82,36.4,16.3,Mumbai,8.1
2024-07-02,30.4,82,32.0,8.1,Mumbai,8.9
2024-07-03,30.1,84,28.6,8.9,Mumbai,8.7
2024-07-04,29.0,85,24.3,8.7,Mumbai,12.2
2024-07-05,29.1,87,23.0,12.2,Mumbai,17.6
2024-07-06,29.5,85,26.7,17.6,Mumbai,11.8
2024-07-07,29.2,88,20.9,11.8,Mumbai,20.7
2024-07-08,28.5,89,17.2,20.7,Mumbai,80.2
2024-07-09,27.0,92,22.1,80.2,Mumbai,36.0
2024-07-10,28.8,88,21.3,36.0,Mumbai,39.1
2024-07-11,28.8,90,21.6,39.1,Mumbai,83.3
2024-07-12,26.9,92,21.0,83.3,Mumbai,76.7
2024-07-13,26.6,92,27.6,76.7,Mumbai,50.5
2024-07-14,26.6,93,24.5,50.5,Mumbai,10.2
2024-07-15,28.1,89,14.8,10.2,Mumbai,17.6
2024-07-16,29.1,90,20.0,17.6,Mumbai,45.3
2024-07-17,27.7,90,23.9,45.3,Mumbai,57.6
2024-07-18,28.1,91,26.4,57.6,Mumbai,48.3
2024-07-19,27.3,91,26.9,48.3,Mumbai,87.0
2024-07-20,27.7,90,27.5,87.0,Mumbai,48.9
2024-07-21,27.1,90,27.2,48.9,Mumbai,54.7
2024-07-22,26.9,90,28.1,54.7,Mumbai,42.1
2024-07-23,26.6,90,29.0,42.1,Mumbai,54.4
2024-07-24,27.0,90,32.4,54.4,Mumbai,74.2
2024-07-25,27.4,89,33.6,74.2,Mumbai,22.9
2024-07-26,28.6,87,27.7,22.9,Mumbai,8.2
2024-07-27,28.8,83,29.3,8.2,Mumbai,19.0
2024-07-28,29.3,87,27.1,19.0,Mumbai,34.2
2024-07-29,27.7,89,25.4,34.2,Mumbai,17.4
2024-07-30,28.2,89,23.2,17.4,Mumbai,22.1
2024-07-31,28.7,88,20.8,22.1,Mumbai,15.8
2024-08-01,29.4,86,26.3,15.8,Mumbai,28.2
2024-08-02,28.3,86,29.2,28.2,Mumbai,24.5
2024-08-03,27.5,87,30.2,24.5,Mumbai,39.4
2024-08-04,27.0,88,27.8,39.4,Mumbai,5.8
2024-08-05,28.9,84,24.0,5.8,Mumbai,5.2
2024-08-06,28.7,84,20.0,5.2,Mumbai,5.6
2024-08-07,28.8,85,19.2,5.6,Mumbai,4.2
2024-08-08,28.7,83,18.8,4.2,Mumbai,15.5
2024-08-09,27.8,88,16.0,15.5,Mumbai,4.7
2024-08-10,28.1,85,18.7,4.7,Mumbai,2.4
2024-08-11,29.2,82,20.4,2.4,Mumbai,2.9
2024-08-12,28.9,84,21.5,2.9,Mumbai,3.6
2024-08-13,28.8,85,16.9,3.6,Mumbai,1.9
2024-08-14,29.1,85,16.1,1.9,Mumbai,1.2
2024-08-15,29.4,84,18.1,1.2,Mumbai,0.9
2024-08-16,29.6,84,16.6,0.9,Mumbai,0.5
2024-08-17,29.6,85,13.1,0.5,Mumbai,2.9
2024-08-18,29.9,86,13.7,2.9,Mumbai,16.7
2024-08-19,29.1,89,15.9,16.7,Mumbai,28.8
2024-08-20,28.6,91,13.1,28.8,Mumbai,0.2
2024-08-21,30.3,87,17.3,0.2,Mumbai,4.7
2024-08-22,30.0,86,15.8,4.7,Mumbai,16.0
2024-08-23,28.5,90,18.1,16.0,Mumbai,61.7
2024-08-24,26.5,92,20.9,61.7,Mumbai,28.0
2024-08-25,27.6,88,26.0,28.0,Mumbai,22.6
2024-08-26,27.0,87,28.1,22.6,Mumbai,17.9
2024-08-27,27.6,87,31.1,17.9,Mumbai,14.4
2024-08-28,28.9,85,32.1,14.4,Mumbai,5.1
2024-08-29,29.0,84,25.3,5.1,Mumbai,6.5
2024-08-30,29.0,85,19.8,6.5,Mumbai,2.1
2024-08-31,28.9,85,12.9,2.1,Mumbai,2.3
2024-09-01,27.8,85,13.2,2.3,Mumbai,29.6
2024-09-02,27.3,90,19.5,29.6,Mumbai,13.0
2024-09-03,27.3,89,16.0,13.0,Mumbai,17.1
2024-09-04,28.3,88,19.4,17.1,Mumbai,27.9
2024-09-05,28.3,88,23.4,27.9,Mumbai,14.7
2024-09-06,28.4,86,21.3,14.7,Mumbai,10.0
2024-09-07,28.3,87,17.2,10.0,Mumbai,4.2
2024-09-08,28.7,86,14.9,4.2,Mumbai,2.0
2024-09-09,28.8,85,16.4,2.0,Mumbai,3.9
2024-09-10,28.5,86,17.6,3.9,Mumbai,4.6
2024-09-11,28.2,86,18.5,4.6,Mumbai,8.2
2024-09-12,28.4,86,17.9,8.2,Mumbai,4.5
2024-09-13,28.6,83,19.2,4.5,Mumbai,9.1
2024-09-14,27.9,87,16.7,9.1,Mumbai,3.9
2024-09-15,27.4,87,13.4,3.9,Mumbai,2.4
2024-09-16,28.7,87,14.6,2.4,Mumbai,0.2
2024-09-17,28.9,84,15.6,0.2,Mumbai,0.8
2024-09-18,29.2,83,13.0,0.8,Mumbai,1.0
2024-09-19,29.5,81,12.8,1.0,Mumbai,5.2
2024-09-20,28.4,87,15.9,5.2,Mumbai,1.9
2024-09-21,29.7,83,15.8,1.9,Mumbai,2.2
2024-09-22,29.7,83,18.5,2.2,Mumbai,5.7
2024-09-23,28.9,87,17.6,5.7,Mumbai,23.1
2024-09-24,29.0,91,22.7,23.1,Mumbai,36.4
2024-09-25,28.0,92,20.6,36.4,Mumbai,48.0
2024-09-26,26.6,94,18.7,48.0,Mumbai,61.7
2024-09-27,26.8,90,28.1,61.7,Mumbai,5.8
2024-09-28,28.1,86,17.9,5.8,Mumbai,4.6
2024-09-29,28.7,88,14.8,4.6,Mumbai,1.6
2024-09-30,29.7,88,15.2,1.6,Mumbai,0.6
2024-10-01,31.5,89,15.7,0.6,Mumbai,1.3
2024-10-02,30.7,91,15.0,1.3,Mumbai,1.4
2024-10-03,30.1,87,15.7,1.4,Mumbai,1.4
2024-10-04,29.5,86,14.4,1.4,Mumbai,1.1
2024-10-05,29.5,86,14.7,1.1,Mumbai,21.4
2024-10-06,31.3,86,17.9,21.4,Mumbai,0.6
2024-10-07,31.6,84,13.7,0.6,Mumbai,0.0
2024-10-08,32.2,85,14.1,0.0,Mumbai,6.4
2024-10-09,29.1,88,18.9,6.4,Mumbai,6.4
2024-10-10,29.7,86,15.9,6.4,Mumbai,22.0
2024-10-11,31.5,83,15.7,22.0,Mumbai,0.7
2024-10-12,31.4,86,11.5,0.7,Mumbai,2.0
2024-10-13,30.6,86,10.9,2.0,Mumbai,5.2
2024-10-14,31.6,87,16.0,5.2,Mumbai,0.0
2024-10-15,29.6,87,11.9,0.0,Mumbai,8.6
2024-10-16,30.7,88,12.5,8.6,Mumbai,2.9
2024-10-17,29.0,91,12.3,2.9,Mumbai,12.4
2024-10-18,31.9,85,13.4,12.4,Mumbai,7.9
2024-10-19,30.1,88,12.1,7.9,Mumbai,6.8
2024-10-20,29.8,87,8.2,6.8,Mumbai,13.3
2024-10-21,30.4,85,8.8,13.3,Mumbai,7.3
2024-10-22,30.3,87,12.3,7.3,Mumbai,0.0
2024-10-23,31.4,85,14.8,0.0,Mumbai,0.0
2024-10-24,32.5,75,14.9,0.0,Mumbai,0.0
2024-10-25,31.1,74,12.5,0.0,Mumbai,0.0
2024-10-26,32.5,68,17.0,0.0,Mumbai,0.0
2024-10-27,31.6,78,15.9,0.0,Mumbai,0.0
2024-10-28,31.8,83,16.2,0.0,Mumbai,0.0
2024-10-29,31.2,87,13.7,0.0,Mumbai,0.0
2024-10-30,32.7,83,12.5,0.0,Mumbai,0.0
2024-10-31,32.4,75,15.2,0.0,Mumbai,0.3
2024-11-01,31.3,82,14.1,0.3,Mumbai,0.0
2024-11-02,33.1,76,17.5,0.0,Mumbai,0.0
2024-11-03,34.2,65,16.6,0.0,Mumbai,0.0
2024-11-04,34.1,60,19.7,0.0,Mumbai,0.0
2024-11-05,34.3,60,15.8,0.0,Mumbai,0.0
2024-11-06,33.7,61,17.7,0.0,Mumbai,0.0
2024-11-07,33.5,57,16.1,0.0,Mumbai,0.0
2024-11-08,33.8,58,17.2,0.0,Mumbai,0.0
2024-11-09,34.1,58,17.9,0.0,Mumbai,0.0
2024-11-10,33.7,56,20.3,0.0,Mumbai,0.0
2024-11-11,33.3,47,20.6,0.0,Mumbai,0.0
2024-11-12,33.5,53,17.9,0.0,Mumbai,0.0
2024-11-13,34.8,49,12.6,0.0,Mumbai,0.0
2024-11-14,35.4,46,10.7,0.0,Mumbai,0.3
2024-11-15,33.9,58,10.5,0.3,Mumbai,0.0
2024-11-16,34.4,65,14.2,0.0,Mumbai,0.0
2024-11-17,35.8,58,14.5,0.0,Mumbai,0.0
2024-11-18,34.8,52,12.3,0.0,Mumbai,0.0
2024-11-19,33.9,45,14.1,0.0,Mumbai,0.0
2024-11-20,33.1,47,13.5,0.0,Mumbai,0.0
2024-11-21,33.1,49,12.8,0.0,Mumbai,0.0
2024-11-22,32.7,54,12.6,0.0,Mumbai,0.0
2024-11-23,32.0,56,10.1,0.0,Mumbai,0.0
2024-11-24,33.0,56,12.0,0.0,Mumbai,0.0
2024-11-25,32.9,54,13.0,0.0,Mumbai,0.0
2024-11-26,32.3,45,13.5,0.0,Mumbai,0.0
2024-11-27,32.6,42,13.1,0.0,Mumbai,0.0
2024-11-28,32.1,35,11.3,0.0,Mumbai,0.0
2024-11-29,31.4,42,14.4,0.0,Mumbai,0.0
2024-11-30,31.4,43,12.2,0.0,Mumbai,0.0
2024-12-01,32.6,52,13.3,0.0,Mumbai,0.0
2024-12-02,33.8,57,12.3,0.0,Mumbai,0.2
2024-12-03,33.6,59,14.5,0.2,Mumbai,0.2
2024-12-04,34.2,66,13.4,0.2,Mumbai,0.0
2024-12-05,34.3,69,10.4,0.0,Mumbai,0.0
2024-12-06,32.7,65,12.8,0.0,Mumbai,0.0
2024-12-07,32.8,51,15.6,0.0,Mumbai,0.0
2024-12-08,31.1,44,13.5,0.0,Mumbai,0.0
2024-12-09,30.9,36,16.2,0.0,Mumbai,0.0
2024-12-10,31.4,48,11.0,0.0,Mumbai,0.0
2024-12-11,33.6,57,12.3,0.0,Mumbai,0.0
2024-12-12,31.1,60,14.5,0.0,Mumbai,0.0
2024-12-13,32.3,51,12.0,0.0,Mumbai,0.0
2024-12-14,32.9,43,11.5,0.0,Mumbai,0.0
2024-12-15,33.2,44,10.3,0.0,Mumbai,0.0
2024-12-16,32.4,44,11.9,0.0,Mumbai,0.0
2024-12-17,30.8,49,12.3,0.0,Mumbai,0.0
2024-12-18,32.2,56,10.6,0.0,Mumbai,0.0
2024-12-19,29.7,69,11.4,0.0,Mumbai,0.0
2024-12-20,28.2,72,13.2,0.0,Mumbai,0.0
2024-12-21,27.9,75,10.5,0.0,Mumbai,0.0
2024-12-22,27.8,77,12.0,0.0,Mumbai,0.0
2024-12-23,27.3,71,14.7,0.0,Mumbai,0.0
2024-12-24,28.5,60,16.1,0.0,Mumbai,0.0
2024-12-25,28.7,61,14.1,0.0,Mumbai,0.0
2024-12-26,29.6,68,12.9,0.0,Mumbai,0.0
2024-12-27,28.2,70,14.5,0.0,Mumbai,0.3
2024-12-28,29.9,68,14.0,0.3,Mumbai,0.0
2024-12-29,30.4,69,12.3,0.0,Mumbai,0.0
2024-12-30,32.6,63,11.7,0.0,Mumbai,0.0
2024-12-31,33.2,59,12.4,0.0,Mumbai,0.0
2025-01-01,32.4,61,12.9,0.0,Mumbai,0.0
2025-01-02,32.8,58,15.1,0.0,Mumbai,0.0
2025-01-03,33.4,52,13.7,0.0,Mumbai,0.0
2025-01-04,32.9,48,11.9,0.0,Mumbai,0.0
2025-01-05,29.2,62,13.5,0.0,Mumbai,0.0
2025-01-06,29.9,59,16.5,0.0,Mumbai,0.0
2025-01-07,31.4,53,16.6,0.0,Mumbai,0.0
2025-01-08,30.6,54,11.6,0.0,Mumbai,0.0
2025-01-09,32.0,46,11.8,0.0,Mumbai,0.0
2025-01-10,31.3,51,9.6,0.0,Mumbai,0.0
2025-01-11,28.6,63,15.2,0.0,Mumbai,0.0
2025-01-12,30.0,60,15.7,0.0,Mumbai,0.0
2025-01-13,32.7,55,14.0,0.0,Mumbai,0.0
2025-01-14,32.9,57,12.0,0.0,Mumbai,0.0
2025-01-15,30.2,67,16.0,0.0,Mumbai,0.0
2025-01-16,29.7,66,16.9,0.0,Mumbai,0.0
2025-01-17,33.4,60,14.9,0.0,Mumbai,0.0
2025-01-18,34.0,46,14.9,0.0,Mumbai,0.0
2025-01-19,33.2,46,13.1,0.0,Mumbai,0.0
2025-01-20,33.2,46,12.8,0.0,Mumbai,0.0
2025-01-21,31.4,51,12.0,0.0,Mumbai,0.0
2025-01-22,31.4,53,15.0,0.0,Mumbai,0.0
2025-01-23,30.5,50,17.6,0.0,Mumbai,0.0
2025-01-24,31.7,49,12.1,0.0,Mumbai,0.0
2025-01-25,33.2,57,10.9,0.0,Mumbai,0.0
2025-01-26,33.5,59,11.2,0.0,Mumbai,0.0
2025-01-27,32.5,56,13.3,0.0,Mumbai,0.0
2025-01-28,30.5,57,11.8,0.0,Mumbai,0.0
2025-01-29,30.8,58,12.7,0.0,Mumbai,0.0
2025-01-30,31.4,52,11.7,0.0,Mumbai,0.0
2025-01-31,29.6,59,13.6,0.0,Mumbai,0.0
2025-02-01,29.1,58,15.7,0.0,Mumbai,0.0
2025-02-02,30.9,45,14.3,0.0,Mumbai,0.0
2025-02-03,28.9,52,17.1,0.0,Mumbai,0.0
2025-02-04,29.7,53,15.0,0.0,Mumbai,0.0
2025-02-05,31.6,38,19.1,0.0,Mumbai,0.0
2025-02-06,31.8,43,12.6,0.0,Mumbai,0.0
2025-02-07,34.3,53,10.9,0.0,Mumbai,0.0
2025-02-08,33.3,55,12.6,0.0,Mumbai,0.0
2025-02-09,33.1,48,14.2,0.0,Mumbai,0.0
2025-02-10,33.6,46,15.0,0.0,Mumbai,0.0
2025-02-11,32.4,47,15.9,0.0,Mumbai,0.0
2025-02-12,33.3,49,15.4,0.0,Mumbai,0.0
2025-02-13,34.8,40,15.7,0.0,Mumbai,0.0
2025-02-14,34.7,35,18.8,0.0,Mumbai,0.0
2025-02-15,35.2,31,17.5,0.0,Mumbai,0.0
2025-02-16,35.1,35,16.0,0.0,Mumbai,0.0
2025-02-17,34.3,44,17.3,0.0,Mumbai,0.0
2025-02-18,34.8,39,18.5,0.0,Mumbai,0.0
2025-02-19,33.4,38,17.8,0.0,Mumbai,0.0
2025-02-20,34.7,39,18.5,0.0,Mumbai,0.0
2025-02-21,36.7,31,16.9,0.0,Mumbai,0.0
2025-02-22,34.9,34,17.7,0.0,Mumbai,0.0
2025-02-23,35.7,34,15.4,0.0,Mumbai,0.0
2025-02-24,36.9,33,14.4,0.0,Mumbai,0.0
2025-02-25,37.5,34,14.6,0.0,Mumbai,0.0
2025-02-26,37.2,46,14.8,0.0,Mumbai,0.0
2025-02-27,35.8,44,15.0,0.0,Mumbai,0.0
2025-02-28,33.4,51,14.9,0.0,Mumbai,0.0
2025-03-01,33.7,42,16.1,0.0,Mumbai,0.0
2025-03-02,36.2,36,17.1,0.0,Mumbai,0.0
2025-03-03,36.2,39,17.7,0.0,Mumbai,0.0
2025-03-04,35.8,39,19.0,0.0,Mumbai,0.0
2025-03-05,36.8,31,16.9,0.0,Mumbai,0.0
2025-03-06,35.0,25,16.5,0.0,Mumbai,0.0
2025-03-07,36.9,25,16.8,0.0,Mumbai,0.0
2025-03-08,36.0,35,14.9,0.0,Mumbai,0.0
2025-03-09,35.6,48,15.0,0.0,Mumbai,0.0
2025-03-10,39.0,35,17.4,0.0,Mumbai,0.0
2025-03-11,37.4,44,15.4,0.0,Mumbai,0.0
2025-03-12,37.1,50,14.4,0.0,Mumbai,0.0
2025-03-13,34.2,62,13.2,0.0,Mumbai,0.0
2025-03-14,34.7,57,15.0,0.0,Mumbai,0.0
2025-03-15,35.5,54,15.7,0.0,Mumbai,0.0
2025-03-16,33.2,53,15.9,0.0,Mumbai,0.0
2025-03-17,33.5,58,17.3,0.0,Mumbai,0.0
2025-03-18,33.2,65,15.9,0.0,Mumbai,0.0
2025-03-19,32.3,64,16.2,0.0,Mumbai,0.0
2025-03-20,35.1,45,18.0,0.0,Mumbai,0.0
2025-03-21,32.4,58,18.2,0.0,Mumbai,0.0
2025-03-22,32.7,65,17.0,0.0,Mumbai,0.0
2025-03-23,33.8,68,14.4,0.0,Mumbai,0.0
2025-03-24,32.9,75,17.4,0.0,Mumbai,0.0
2025-03-25,33.2,67,16.7,0.0,Mumbai,0.0
2025-03-26,31.6,73,15.2,0.0,Mumbai,0.0
2025-03-27,30.8,76,16.5,0.0,Mumbai,0.0
2025-03-28,32.5,61,17.3,0.0,Mumbai,0.0
2025-03-29,36.2,31,16.2,0.0,Mumbai,0.0
2025-03-30,37.7,39,18.2,0.0,Mumbai,0.0
2025-03-31,37.1,44,16.0,0.0,Mumbai,0.0
2025-04-01,38.9,44,14.5,0.0,Mumbai,0.0
2025-04-02,37.4,41,15.3,0.0,Mumbai,0.6
2025-04-03,32.5,73,12.1,0.6,Mumbai,1.0
2025-04-04,33.3,76,15.4,1.0,Mumbai,0.0
2025-04-05,35.4,63,18.5,0.0,Mumbai,0.0
2025-04-06,35.7,59,16.1,0.0,Mumbai,0.0
2025-04-07,36.4,57,19.1,0.0,Mumbai,0.0
2025-04-08,36.6,49,19.9,0.0,Mumbai,0.0
2025-04-09,34.6,58,16.2,0.0,Mumbai,0.0
2025-04-10,33.2,74,12.4,0.0,Mumbai,0.0
2025-04-11,33.0,73,14.5,0.0,Mumbai,0.1
2025-04-12,32.3,75,14.7,0.1,Mumbai,0.0
2025-04-13,32.7,75,16.1,0.0,Mumbai,0.0
2025-04-14,36.4,62,19.3,0.0,Mumbai,0.0
2025-04-15,35.1,62,16.9,0.0,Mumbai,0.0
2025-04-16,33.0,74,15.4,0.0,Mumbai,0.0
2025-04-17,32.4,78,15.7,0.0,Mumbai,0.0
2025-04-18,32.3,76,14.9,0.0,Mumbai,0.0
2025-04-19,32.7,75,15.9,0.0,Mumbai,0.0
2025-04-20,33.0,72,14.5,0.0,Mumbai,0.0
2025-04-21,32.7,74,15.3,0.0,Mumbai,0.0
2025-04-22,34.3,70,16.8,0.0,Mumbai,0.0
2025-04-23,34.8,72,16.7,0.0,Mumbai,0.0
2025-04-24,33.4,74,14.4,0.0,Mumbai,0.0
2025-04-25,33.7,71,14.9,0.0,Mumbai,0.0
2025-04-26,33.3,71,15.6,0.0,Mumbai,0.0
2025-04-27,33.4,74,15.6,0.0,Mumbai,0.0
2025-04-28,32.8,75,16.1,0.0,Mumbai,0.0
2025-04-29,32.8,76,14.1,0.0,Mumbai,0.0
2025-04-30,33.1,75,15.2,0.0,Mumbai,0.0
2025-05-01,33.4,75,18.4,0.0,Mumbai,0.0
2025-05-02,34.5,68,14.4,0.0,Mumbai,0.0
2025-05-03,33.2,68,15.6,0.0,Mumbai,0.0
2025-05-04,32.9,68,15.4,0.0,Mumbai,0.0
2025-05-05,33.5,70,14.6,0.0,Mumbai,6.3
2025-05-06,32.9,73,15.9,6.3,Mumbai,3.0
2025-05-07,32.3,73,17.6,3.0,Mumbai,9.3
2025-05-08,29.4,81,14.3,9.3,Mumbai,2.0
2025-05-09,28.5,82,15.2,2.0,Mumbai,0.5
2025-05-10,30.9,81,11.5,0.5,Mumbai,0.4
2025-05-11,32.5,76,12.0,0.4,Mumbai,1.6
2025-05-12,33.6,70,13.1,1.6,Mumbai,1.7
2025-05-13,33.8,70,13.1,1.7,Mumbai,0.6
2025-05-14,33.3,72,12.3,0.6,Mumbai,1.8
2025-05-15,33.2,70,14.3,1.8,Mumbai,1.0
2025-05-16,33.8,65,14.1,1.0,Mumbai,0.9
2025-05-17,32.5,66,13.3,0.9,Mumbai,0.0
2025-05-18,34.4,61,14.7,0.0,Mumbai,0.2
2025-05-19,32.4,69,16.2,0.2,Mumbai,8.7
2025-05-20,34.4,75,13.2,8.7,Mumbai,1.1
2025-05-21,31.6,83,10.7,1.1,Mumbai,21.2
2025-05-22,31.8,82,18.3,21.2,Mumbai,2.2
2025-05-23,32.5,86,13.2,2.2,Mumbai,8.9
2025-05-24,32.1,84,12.0,8.9,Mumbai,27.3
2025-05-25,28.5,91,11.6,27.3,Mumbai,54.0
2025-05-26,27.8,93,21.3,54.0,Mumbai,9.1
2025-05-27,29.8,89,13.0,9.1,Mumbai,11.5
2025-05-28,27.8,90,13.5,11.5,Mumbai,5.6
2025-05-29,31.4,86,17.8,5.6,Mumbai,1.8
2025-05-30,31.5,78,17.8,1.8,Mumbai,3.5
2025-05-31,31.1,80,20.0,3.5,Mumbai,11.1
2025-06-01,29.2,85,19.1,11.1,Mumbai,8.8
2025-06-02,30.7,83,19.9,8.8,Mumbai,12.8
2025-06-03,30.2,84,20.9,12.8,Mumbai,4.5
2025-06-04,29.3,85,14.6,4.5,Mumbai,1.6
2025-06-05,30.2,83,10.0,1.6,Mumbai,4.7
2025-06-06,30.2,83,10.0,4.7,Mumbai,8.1
2025-06-07,29.7,86,10.1,8.1,Mumbai,4.4
2025-06-08,30.3,82,14.0,4.4,Mumbai,2.0
2025-06-09,30.8,77,18.8,2.0,Mumbai,0.8
2025-06-10,30.6,80,17.5,0.8,Mumbai,0.8
2025-06-11,31.8,77,17.1,0.8,Mumbai,2.8
2025-06-12,31.6,78,23.7,2.8,Mumbai,29.6
2025-06-13,30.5,86,19.9,29.6,Mumbai,58.0
2025-06-14,30.6,90,13.1,58.0,Mumbai,55.5
2025-06-15,29.6,93,15.3,55.5,Mumbai,100.9
2025-06-16,27.2,92,28.8,100.9,Mumbai,17.5
2025-06-17,29.5,85,25.0,17.5,Mumbai,86.1
2025-06-18,28.4,89,26.4,86.1,Mumbai,65.8
2025-06-19,28.4,91,23.7,65.8,Mumbai,11.3
2025-06-20,29.5,84,20.5,11.3,Mumbai,10.0
2025-06-21,30.1,85,20.4,10.0,Mumbai,15.8
2025-06-22,29.2,84,23.1,15.8,Mumbai,51.2
2025-06-23,28.3,87,24.8,51.2,Mumbai,26.7
2025-06-24,29.1,87,24.0,26.7,Mumbai,10.0
2025-06-25,30.0,82,24.1,10.0,Mumbai,25.0
2025-06-26,28.6,89,18.1,25.0,Mumbai,13.9
2025-06-27,28.8,83,22.4,13.9,Mumbai,21.5
2025-06-28,29.4,81,26.0,21.5,Mumbai,18.1
2025-06-29,28.9,84,22.0,18.1,Mumbai,22.2
2025-06-30,29.1,84,23.4,22.2,Mumbai,34.3
2025-07-01,28.8,86,19.2,34.3,Mumbai,40.8
2025-07-02,28.7,88,19.5,40.8,Mumbai,26.3
2025-07-03,28.3,87,22.6,26.3,Mumbai,20.2
2025-07-04,28.0,85,21.7,20.2,Mumbai,37.9
2025-07-05,27.5,86,23.4,37.9,Mumbai,31.3
2025-07-06,27.6,87,26.5,31.3,Mumbai,7.6
2025-07-07,28.6,85,22.8,7.6,Mumbai,3.7
2025-07-08,28.6,83,23.0,3.7,Mumbai,15.4
2025-07-09,27.5,87,18.9,15.4,Mumbai,6.5
2025-07-10,29.1,85,14.4,6.5,Mumbai,6.1
2025-07-11,28.0,86,12.9,6.1,Mumbai,4.9
2025-07-12,29.3,85,17.0,4.9,Mumbai,14.7
2025-07-13,28.5,86,15.7,14.7,Mumbai,51.0
2025-07-14,27.5,90,21.7,51.0,Mumbai,15.8
2025-07-15,27.6,87,14.8,15.8,Mumbai,7.9
2025-07-16,29.2,85,16.0,7.9,Mumbai,4.1
2025-07-17,29.3,85,11.2,4.1,Mumbai,2.7
2025-07-18,29.5,83,12.1,2.7,Mumbai,6.3
2025-07-19,28.3,85,13.3,6.3,Mumbai,12.3
2025-07-20,28.0,88,14.3,12.3,Mumbai,17.7
2025-07-21,28.1,89,12.9,17.7,Mumbai,18.4
2025-07-22,28.1,88,14.7,18.4,Mumbai,18.6
2025-07-23,28.0,87,17.3,18.6,Mumbai,14.9
2025-07-24,27.4,87,19.8,14.9,Mumbai,40.3
2025-07-25,27.2,89,20.5,40.3,Mumbai,17.4
2025-07-26,28.0,86,22.4,17.4,Mumbai,10.5
2025-07-27,28.2,83,28.2,10.5,Mumbai,8.8
2025-07-28,28.3,82,25.0,8.8,Mumbai,8.6
2025-07-29,27.6,84,26.4,8.6,Mumbai,7.8
2025-07-30,27.2,87,24.6,7.8,Mumbai,3.9
2025-07-31,27.6,85,21.3,3.9,Mumbai,4.1
2025-08-01,28.4,83,18.5,4.1,Mumbai,8.7
2025-08-02,28.3,86,15.3,8.7,Mumbai,4.0
2025-08-03,28.2,86,12.3,4.0,Mumbai,3.5
2025-08-04,28.7,85,13.0,3.5,Mumbai,4.3
2025-08-05,28.9,84,13.9,4.3,Mumbai,1.2
2025-08-06,29.3,84,14.3,1.2,Mumbai,3.2
2025-08-07,27.9,87,11.6,3.2,Mumbai,2.9
2025-08-08,28.1,86,8.3,2.9,Mumbai,1.6
2025-08-09,28.5,86,9.6,1.6,Mumbai,3.2
2025-08-10,28.1,86,12.7,3.2,Mumbai,4.3
2025-08-11,28.2,84,15.0,4.3,Mumbai,5.0
2025-08-12,28.6,83,15.9,5.0,Mumbai,15.4
2025-08-13,28.3,87,11.9,15.4,Mumbai,38.9
2025-08-14,27.2,89,13.1,38.9,Mumbai,35.8
2025-08-15,27.2,89,14.4,35.8,Mumbai,34.2
2025-08-16,26.5,92,14.2,34.2,Mumbai,16.3
2025-08-17,28.1,88,20.1,16.3,Mumbai,127.0
2025-08-18,26.0,92,23.6,127.0,Mumbai,136.5
2025-08-19,26.2,91,30.3,136.5,Mumbai,61.5
2025-08-20,26.5,89,27.4,61.5,Mumbai,26.0
2025-08-21,28.0,85,25.3,26.0,Mumbai,4.5
2025-08-22,28.2,81,22.1,4.5,Mumbai,10.4
2025-08-23,28.3,81,25.0,10.4,Mumbai,6.7
2025-08-24,28.5,82,24.1,6.7,Mumbai,23.2
2025-08-25,26.8,87,22.3,23.2,Mumbai,14.9
2025-08-26,27.8,85,17.5,14.9,Mumbai,7.6
2025-08-27,28.4,85,12.6,7.6,Mumbai,16.3
2025-08-28,28.3,88,11.4,16.3,Mumbai,7.5
2025-08-29,28.0,88,12.2,7.5,Mumbai,2.8
2025-08-30,28.4,86,12.0,2.8,Mumbai,10.0
2025-08-31,27.7,86,18.2,10.0,Mumbai,6.7
2025-09-01,27.8,85,21.1,6.7,Mumbai,5.7
2025-09-02,28.3,86,15.4,5.7,Mumbai,4.8
2025-09-03,28.7,83,16.2,4.8,Mumbai,17.2
2025-09-04,26.2,88,12.4,17.2,Mumbai,18.2
2025-09-05,27.4,89,17.6,18.2,Mumbai,24.9
2025-09-06,26.5,87,19.8,24.9,Mumbai,9.2
2025-09-07,28.1,84,17.8,9.2,Mumbai,5.5
2025-09-08,27.8,86,17.1,5.5,Mumbai,0.7
2025-09-09,28.9,87,10.4,0.7,Mumbai,0.3
2025-09-10,29.5,84,11.9,0.3,Mumbai,1.5
2025-09-11,28.9,82,11.5,1.5,Mumbai,1.2
2025-09-12,29.3,82,12.9,1.2,Mumbai,12.7
2025-09-13,28.6,88,14.6,12.7,Mumbai,12.2
2025-09-14,29.1,87,15.6,12.2,Mumbai,65.5
2025-09-15,27.1,90,16.2,65.5,Mumbai,5.2
2025-09-16,27.8,90,11.8,5.2,Mumbai,25.7
2025-09-17,28.2,90,9.9,25.7,Mumbai,10.4
2025-09-18,27.8,90,9.8,10.4,Mumbai,8.2
2025-09-19,28.2,90,11.7,8.2,Mumbai,12.3
2025-09-20,29.0,88,11.3,12.3,Mumbai,15.7
2025-09-21,28.6,90,13.5,15.7,Mumbai,17.0
2025-09-22,28.3,90,12.7,17.0,Mumbai,10.7
2025-09-23,28.7,86,16.4,10.7,Mumbai,2.5
2025-09-24,28.6,82,11.7,2.5,Mumbai,3.1
2025-09-25,28.1,85,10.2,3.1,Mumbai,3.0
2025-09-26,29.1,86,12.7,3.0,Mumbai,14.1
2025-09-27,28.3,86,14.9,14.1,Mumbai,125.7
2025-09-28,26.5,90,31.7,125.7,Mumbai,15.8
2025-09-29,28.3,79,26.5,15.8,Mumbai,11.2
2025-09-30,27.6,85,20.8,11.2,Mumbai,12.0
2025-10-01,28.5,87,21.6,12.0,Mumbai,4.1
2025-10-02,27.9,88,22.3,4.1,Mumbai,2.4
2025-10-03,28.7,86,15.9,2.4,Mumbai,3.1
2025-10-04,28.8,86,12.4,3.1,Mumbai,0.7
2025-10-05,28.1,85,10.7,0.7,Mumbai,1.1
2025-10-06,28.4,84,12.5,1.1,Mumbai,2.1
2025-10-07,28.9,86,13.2,2.1,Mumbai,0.3
2025-10-08,29.4,85,13.2,0.3,Mumbai,0.0
2025-10-09,31.6,77,10.9,0.0,Mumbai,0.1
2025-10-10,33.0,66,10.7,0.1,Mumbai,0.1
2025-10-11,33.8,63,12.9,0.1,Mumbai,0.1
2025-10-12,34.8,59,12.2,0.1,Mumbai,0.0
2025-10-13,34.5,56,14.1,0.0,Mumbai,0.0
2025-10-14,35.2,55,14.1,0.0,Mumbai,1.5
2025-10-15,34.9,57,7.5,1.5,Mumbai,6.2
2025-10-16,35.0,69,16.6,6.2,Mumbai,0.1
2025-10-17,36.1,63,12.4,0.1,Mumbai,1.1
2025-10-18,35.7,59,12.2,1.1,Mumbai,0.5
2025-10-19,35.2,61,11.7,0.5,Mumbai,0.2
2025-10-20,35.1,60,14.3,0.2,Mumbai,5.9
2025-10-21,34.4,62,11.6,5.9,Mumbai,4.8
2025-10-22,33.9,74,11.2,4.8,Mumbai,6.1
2025-10-23,34.6,71,13.8,6.1,Mumbai,8.7
2025-10-24,33.0,72,13.7,8.7,Mumbai,13.8
2025-10-25,30.2,84,14.4,13.8,Mumbai,34.3
2025-10-26,26.8,92,17.8,34.3,Mumbai,13.3
2025-10-27,30.4,88,20.5,13.3,Mumbai,0.4
2025-10-28,31.7,77,16.8,0.4,Mumbai,0.1
2025-10-29,30.9,79,18.5,0.1,Mumbai,11.5
2025-10-30,28.7,83,20.2,11.5,Mumbai,8.6
2025-10-31,29.2,83,24.2,8.6,Mumbai,3.1
2025-11-01,28.4,88,19.2,3.1,Mumbai,4.2
2025-11-02,27.6,89,16.2,4.2,Mumbai,2.5
2025-11-03,28.7,88,12.2,2.5,Mumbai,1.6
2025-11-04,28.1,87,13.0,1.6,Mumbai,0.1
2025-11-05,28.6,82,9.0,0.1,Mumbai,0.6
2025-11-06,29.1,82,12.3,0.6,Mumbai,0.0
2025-11-07,31.4,74,12.3,0.0,Mumbai,0.0
2025-11-08,33.4,58,11.3,0.0,Mumbai,0.0
2025-11-09,31.4,57,12.0,0.0,Mumbai,0.0
2025-11-10,32.2,58,11.1,0.0,Mumbai,0.0
2025-11-11,32.1,59,12.7,0.0,Mumbai,0.0
2025-11-12,32.8,46,13.4,0.0,Mumbai,0.0
2025-11-13,33.4,46,13.6,0.0,Mumbai,0.0
2025-11-14,33.1,49,10.8,0.0,Mumbai,0.0
2025-11-15,33.2,47,11.8,0.0,Mumbai,0.0
2025-11-16,33.1,43,12.9,0.0,Mumbai,0.0
2025-11-17,32.4,44,15.9,0.0,Mumbai,0.0
2025-11-18,32.3,45,14.4,0.0,Mumbai,0.0
2025-11-19,32.8,45,12.3,0.0,Mumbai,0.0
2025-11-20,32.9,49,12.0,0.0,Mumbai,0.0
2025-11-21,33.8,51,11.2,0.0,Mumbai,0.0
2025-11-22,33.3,55,9.5,0.0,Mumbai,0.0
2025-11-23,32.7,61,11.6,0.0,Mumbai,0.0
2025-11-24,32.9,64,12.2,0.0,Mumbai,0.0
2025-11-25,33.0,66,9.2,0.0,Mumbai,0.0
2025-11-26,32.6,67,11.0,0.0,Mumbai,0.0
2025-11-27,33.7,62,13.3,0.0,Mumbai,0.0
2025-11-28,33.3,59,12.1,0.0,Mumbai,0.0
2025-11-29,32.9,49,11.6,0.0,Mumbai,0.0
2025-11-30,32.0,49,13.3,0.0,Mumbai,0.0
2025-12-01,32.5,49,13.4,0.0,Mumbai,0.0
2025-12-02,32.3,54,12.9,0.0,Mumbai,0.0
2025-12-03,33.3,49,12.3,0.0,Mumbai,0.0
2025-12-04,33.7,47,13.8,0.0,Mumbai,0.0
2025-12-05,34.1,48,13.1,0.0,Mumbai,0.0
2025-12-06,33.0,49,13.0,0.0,Mumbai,0.0
2025-12-07,33.6,46,13.0,0.0,Mumbai,0.0
2025-12-08,33.7,50,13.3,0.0,Mumbai,0.0
2025-12-09,33.1,34,11.4,0.0,Mumbai,0.0
2025-12-10,33.3,34,12.5,0.0,Mumbai,0.0
2025-12-11,33.0,36,12.1,0.0,Mumbai,0.0
2025-12-12,32.4,42,12.1,0.0,Mumbai,0.0
2025-12-13,33.0,46,13.3,0.0,Mumbai,0.0
2025-12-14,32.4,43,14.2,0.0,Mumbai,0.0
2025-12-15,32.6,42,12.4,0.0,Mumbai,0.0
2025-12-16,32.9,42,14.4,0.0,Mumbai,0.0
2025-12-17,33.1,47,12.2,0.0,Mumbai,0.0
2025-12-18,33.1,45,11.9,0.0,Mumbai,0.0
2025-12-19,33.2,42,15.6,0.0,Mumbai,0.0
2025-12-20,33.1,39,13.9,0.0,Mumbai,0.0
2025-12-21,32.4,39,12.6,0.0,Mumbai,0.0
2025-12-22,31.7,40,14.8,0.0,Mumbai,0.0
2025-12-23,32.4,45,15.7,0.0,Mumbai,0.0
2025-12-24,32.2,44,14.8,0.0,Mumbai,0.0
2025-12-25,31.6,48,13.7,0.0,Mumbai,0.0
2025-12-26,31.3,48,15.1,0.0,Mumbai,0.0
2025-12-27,32.0,48,13.4,0.0,Mumbai,0.0
2025-12-28,31.5,48,12.0,0.0,Mumbai,0.0
2025-12-29,31.2,50,11.5,0.0,Mumbai,0.0
2025-12-30,29.4,63,11.3,0.0,Mumbai,0.0
2024-01-01,16.2,85,8.2,0.0,Delhi,0.0
2024-01-02,15.3,86,8.2,0.0,Delhi,0.0
2024-01-03,15.9,89,10.4,0.0,Delhi,0.0
2024-01-04,17.9,82,10.2,0.0,Delhi,0.1
2024-01-05,17.3,85,9.7,0.1,Delhi,0.0
2024-01-06,16.9,82,9.0,0.0,Delhi,0.0
2024-01-07,17.5,81,7.1,0.0,Delhi,0.0
2024-01-08,18.4,86,8.9,0.0,Delhi,0.0
2024-01-09,18.0,86,13.9,0.0,Delhi,0.0
2024-01-10,15.8,84,15.0,0.0,Delhi,0.0
2024-01-11,15.5,88,12.0,0.0,Delhi,0.0
2024-01-12,17.4,86,12.4,0.0,Delhi,0.0
2024-01-13,18.1,84,10.2,0.0,Delhi,0.0
2024-01-14,18.0,86,10.0,0.0,Delhi,0.0
2024-01-15,16.1,85,9.0,0.0,Delhi,0.0
2024-01-16,17.5,86,11.0,0.0,Delhi,0.0
2024-01-17,17.8,84,10.7,0.0,Delhi,0.0
2024-01-18,17.5,86,8.0,0.0,Delhi,0.0
2024-01-19,16.8,89,9.2,0.0,Delhi,0.0
2024-01-20,16.1,88,10.3,0.0,Delhi,0.0
2024-01-21,16.1,89,14.1,0.0,Delhi,0.0
2024-01-22,16.9,86,10.6,0.0,Delhi,0.0
2024-01-23,17.3,88,8.9,0.0,Delhi,0.0
2024-01-24,18.2,84,8.3,0.0,Delhi,0.0
2024-01-25,17.5,88,10.4,0.0,Delhi,0.0
2024-01-26,18.5,84,11.3,0.0,Delhi,0.0
2024-01-27,20.6,77,16.8,0.0,Delhi,0.0
2024-01-28,20.3,79,13.8,0.0,Delhi,0.0
2024-01-29,21.3,85,12.2,0.0,Delhi,0.0
2024-01-30,20.5,89,9.4,0.0,Delhi,9.0
2024-01-31,20.2,92,14.5,9.0,Delhi,30.0
2024-02-01,21.2,86,21.5,30.0,Delhi,0.0
2024-02-02,19.3,84,15.5,0.0,Delhi,0.0
2024-02-03,20.7,70,11.5,0.0,Delhi,7.1
2024-02-04,20.7,85,16.2,7.1,Delhi,2.1
2024-02-05,19.8,83,12.2,2.1,Delhi,0.0
2024-02-06,18.7,75,15.6,0.0,Delhi,0.0
2024-02-07,18.4,66,23.7,0.0,Delhi,0.0
2024-02-08,19.1,64,27.4,0.0,Delhi,0.0
2024-02-09,20.5,66,15.7,0.0,Delhi,0.0
2024-02-10,19.7,78,11.8,0.0,Delhi,0.0
2024-02-11,21.5,75,9.7,0.0,Delhi,0.0
2024-02-12,21.5,75,9.7,0.0,Delhi,0.0
2024-02-13,21.2,73,10.5,0.0,Delhi,0.0
2024-02-14,22.7,74,13.6,0.0,Delhi,0.0
2024-02-15,23.6,69,15.0,0.0,Delhi,0.0
2024-02-16,24.5,64,12.8,0.0,Delhi,0.0
2024-02-17,24.6,61,14.9,0.0,Delhi,0.0
2024-02-18,27.1,59,15.9,0.0,Delhi,0.0
2024-02-19,26.8,61,28.5,0.0,Delhi,0.2
2024-02-20,27.3,66,20.0,0.2,Delhi,0.0
2024-02-21,25.9,58,17.3,0.0,Delhi,0.0
2024-02-22,24.0,51,16.7,0.0,Delhi,0.0
2024-02-23,22.8,48,15.2,0.0,Delhi,0.0
2024-02-24,23.4,45,12.1,0.0,Delhi,0.0
2024-02-25,25.0,39,17.7,0.0,Delhi,0.0
2024-02-26,24.6,46,12.0,0.0,Delhi,0.9
2024-02-27,24.5,46,16.0,0.9,Delhi,0.0
2024-02-28,24.0,57,20.7,0.0,Delhi,0.0
2024-02-29,26.3,56,13.2,0.0,Delhi,1.7
2024-03-01,26.5,60,16.0,1.7,Delhi,6.5
2024-03-02,24.7,74,33.4,6.5,Delhi,10.4
2024-03-03,22.7,70,15.4,10.4,Delhi,0.0
2024-03-04,21.7,62,14.7,0.0,Delhi,0.0
2024-03-05,20.9,54,15.6,0.0,Delhi,0.0
2024-03-06,21.1,56,15.3,0.0,Delhi,0.0
2024-03-07,24.2,56,15.1,0.0,Delhi,0.0
2024-03-08,25.4,53,16.8,0.0,Delhi,0.0
2024-03-09,25.2,50,17.4,0.0,Delhi,0.0
2024-03-10,26.6,51,11.6,0.0,Delhi,0.0
2024-03-11,29.5,47,13.8,0.0,Delhi,0.0
2024-03-12,29.1,47,16.9,0.0,Delhi,0.2
2024-03-13,29.4,52,18.2,0.2,Delhi,0.0
2024-03-14,29.2,53,15.8,0.0,Delhi,0.0
2024-03-15,27.2,43,16.9,0.0,Delhi,0.0
2024-03-16,27.6,45,12.9,0.0,Delhi,0.0
2024-03-17,28.8,46,11.5,0.0,Delhi,0.0
2024-03-18,28.5,48,13.0,0.0,Delhi,0.0
2024-03-19,29.8,45,16.3,0.0,Delhi,0.0
2024-03-20,32.0,44,11.6,0.0,Delhi,0.0
2024-03-21,29.2,55,18.7,0.0,Delhi,0.0
2024-03-22,32.4,51,13.3,0.0,Delhi,0.0
2024-03-23,33.8,46,19.6,0.0,Delhi,0.1
2024-03-24,31.0,45,35.3,0.1,Delhi,0.0
2024-03-25,32.8,47,21.2,0.0,Delhi,0.0
2024-03-26,33.6,42,14.2,0.0,Delhi,0.0
2024-03-27,36.4,41,20.4,0.0,Delhi,0.0
2024-03-28,37.0,41,16.3,0.0,Delhi,0.0
2024-03-29,36.5,46,19.4,0.0,Delhi,0.0
2024-03-30,35.2,39,19.2,0.0,Delhi,0.0
2024-03-31,34.4,36,21.4,0.0,Delhi,0.0
2024-04-01,31.3,38,20.8,0.0,Delhi,0.0
2024-04-02,32.9,33,21.4,0.0,Delhi,0.0
2024-04-03,35.9,24,18.8,0.0,Delhi,0.0
2024-04-04,36.4,26,18.0,0.0,Delhi,0.0
2024-04-05,35.6,24,28.2,0.0,Delhi,0.0
2024-04-06,35.0,21,21.3,0.0,Delhi,0.0
2024-04-07,35.4,21,21.1,0.0,Delhi,0.0
2024-04-08,36.8,20,20.0,0.0,Delhi,0.0
2024-04-09,37.8,18,16.6,0.0,Delhi,0.0
2024-04-10,38.6,21,13.4,0.0,Delhi,0.0
2024-04-11,38.0,21,14.2,0.0,Delhi,0.0
2024-04-12,38.8,21,11.3,0.0,Delhi,1.2
2024-04-13,38.5,27,16.0,1.2,Delhi,0.5
2024-04-14,33.8,45,15.5,0.5,Delhi,1.3
2024-04-15,36.3,48,20.9,1.3,Delhi,0.0
2024-04-16,35.7,36,21.6,0.0,Delhi,0.0
2024-04-17,35.3,27,29.3,0.0,Delhi,0.0
2024-04-18,37.8,24,17.3,0.0,Delhi,0.0
2024-04-19,38.3,29,18.9,0.0,Delhi,0.0
2024-04-20,36.7,28,21.1,0.0,Delhi,0.0
2024-04-21,36.6,27,17.6,0.0,Delhi,0.0
2024-04-22,37.0,25,25.5,0.0,Delhi,0.0
2024-04-23,38.0,26,23.2,0.0,Delhi,0.0
2024-04-24,36.9,28,21.9,0.0,Delhi,0.0
2024-04-25,38.3,24,23.7,0.0,Delhi,0.0
2024-04-26,39.2,23,32.9,0.0,Delhi,0.0
2024-04-27,37.9,27,21.3,0.0,Delhi,0.0
2024-04-28,37.5,28,17.0,0.0,Delhi,0.0
2024-04-29,38.1,26,23.7,0.0,Delhi,0.0
2024-04-30,36.2,25,19.0,0.0,Delhi,0.0
2024-05-01,32.7,22,23.6,0.0,Delhi,0.0
2024-05-02,35.0,26,19.5,0.0,Delhi,0.0
2024-05-03,38.1,22,23.9,0.0,Delhi,0.0
2024-05-04,40.6,19,16.4,0.0,Delhi,0.0
2024-05-05,40.9,20,19.2,0.0,Delhi,0.0
2024-05-06,40.6,22,23.6,0.0,Delhi,0.0
2024-05-07,41.4,25,18.1,0.0,Delhi,0.0
2024-05-08,39.7,39,21.1,0.0,Delhi,0.0
2024-05-09,39.6,37,25.3,0.0,Delhi,1.1
2024-05-10,39.5,43,20.9,1.1,Delhi,0.1
2024-05-11,38.8,42,18.5,0.1,Delhi,0.1
2024-05-12,37.8,38,15.9,0.1,Delhi,0.0
2024-05-13,40.3,29,16.4,0.0,Delhi,0.0
2024-05-14,40.7,21,20.5,0.0,Delhi,0.0
2024-05-15,42.3,19,17.8,0.0,Delhi,0.0
2024-05-16,42.7,18,18.0,0.0,Delhi,0.0
2024-05-17,44.0,18,16.3,0.0,Delhi,0.0
2024-05-18,44.0,19,26.6,0.0,Delhi,0.0
2024-05-19,44.9,17,26.4,0.0,Delhi,0.0
2024-05-20,43.6,19,28.3,0.0,Delhi,0.0
2024-05-21,42.6,28,15.8,0.0,Delhi,0.3
2024-05-22,41.1,36,24.4,0.3,Delhi,0.0
2024-05-23,41.1,36,22.9,0.0,Delhi,0.0
2024-05-24,40.9,36,20.6,0.0,Delhi,0.0
2024-05-25,44.4,27,27.4,0.0,Delhi,0.0
2024-05-26,46.0,17,25.9,0.0,Delhi,0.0
2024-05-27,45.7,18,22.1,0.0,Delhi,0.0
2024-05-28,45.8,14,19.2,0.0,Delhi,0.0
2024-05-29,45.7,18,17.9,0.0,Delhi,0.0
2024-05-30,45.8,16,25.2,0.0,Delhi,0.0
2024-05-31,45.9,12,25.5,0.0,Delhi,0.0
2024-06-01,44.0,17,26.4,0.0,Delhi,0.0
2024-06-02,41.4,25,20.7,0.0,Delhi,0.0
2024-06-03,44.4,25,20.2,0.0,Delhi,0.0
2024-06-04,43.1,19,24.1,0.0,Delhi,0.0
2024-06-05,41.7,23,25.4,0.0,Delhi,0.0
2024-06-06,40.8,28,20.0,0.0,Delhi,0.0
2024-06-07,42.2,30,22.4,0.0,Delhi,0.0
2024-06-08,40.2,27,25.6,0.0,Delhi,0.0
2024-06-09,42.2,23,19.8,0.0,Delhi,0.0
2024-06-10,43.0,18,22.2,0.0,Delhi,0.0
2024-06-11,43.2,19,20.0,0.0,Delhi,0.0
2024-06-12,44.1,17,18.2,0.0,Delhi,0.0
2024-06-13,44.9,20,28.1,0.0,Delhi,0.0
2024-06-14,43.4,28,31.5,0.0,Delhi,0.0
2024-06-15,43.3,27,28.3,0.0,Delhi,0.0
2024-06-16,44.1,25,25.1,0.0,Delhi,0.0
2024-06-17,44.0,25,26.8,0.0,Delhi,0.0
2024-06-18,44.2,25,30.9,0.0,Delhi,0.8
2024-06-19,41.3,35,32.1,0.8,Delhi,4.9
2024-06-20,39.3,45,14.5,4.9,Delhi,2.1
2024-06-21,38.3,53,28.2,2.1,Delhi,0.0
2024-06-22,38.5,51,12.3,0.0,Delhi,0.3
2024-06-23,39.5,51,15.5,0.3,Delhi,1.7
2024-06-24,39.5,54,15.1,1.7,Delhi,4.0
2024-06-25,36.6,62,15.3,4.0,Delhi,23.3
2024-06-26,34.3,73,19.4,23.3,Delhi,11.5
2024-06-27,30.4,84,21.7,11.5,Delhi,20.9
2024-06-28,30.6,85,14.8,20.9,Delhi,18.9
2024-06-29,32.9,80,11.7,18.9,Delhi,11.9
2024-06-30,34.8,74,15.6,11.9,Delhi,11.5
2024-07-01,34.1,79,11.8,11.5,Delhi,14.1
2024-07-02,33.6,84,14.9,14.1,Delhi,2.5
2024-07-03,32.9,83,16.1,2.5,Delhi,7.3
2024-07-04,31.6,83,11.3,7.3,Delhi,0.7
2024-07-05,30.4,85,16.2,0.7,Delhi,1.0
2024-07-06,33.0,80,15.8,1.0,Delhi,0.1
2024-07-07,33.5,76,14.2,0.1,Delhi,0.0
2024-07-08,33.2,76,11.4,0.0,Delhi,4.9
2024-07-09,32.4,80,11.4,4.9,Delhi,11.3
2024-07-10,34.1,79,14.8,11.3,Delhi,3.9
2024-07-11,36.4,76,21.0,3.9,Delhi,0.5
2024-07-12,35.3,74,23.4,0.5,Delhi,12.4
2024-07-13,34.3,77,11.7,12.4,Delhi,0.3
2024-07-14,34.9,72,8.5,0.3,Delhi,3.0
2024-07-15,33.2,76,21.4,3.0,Delhi,17.0
2024-07-16,34.3,77,15.5,17.0,Delhi,0.2
2024-07-17,34.7,75,13.7,0.2,Delhi,2.0
2024-07-18,34.7,76,12.1,2.0,Delhi,0.9
2024-07-19,34.4,77,12.0,0.9,Delhi,0.2
2024-07-20,35.1,75,13.0,0.2,Delhi,1.9
2024-07-21,34.8,78,16.3,1.9,Delhi,5.0
2024-07-22,34.6,78,10.9,5.0,Delhi,4.3
2024-07-23,34.8,80,14.9,4.3,Delhi,6.9
2024-07-24,33.7,82,9.5,6.9,Delhi,0.6
2024-07-25,34.7,76,11.1,0.6,Delhi,10.2
2024-07-26,33.0,81,13.0,10.2,Delhi,4.5
2024-07-27,34.0,81,16.1,4.5,Delhi,6.0
2024-07-28,35.1,77,15.7,6.0,Delhi,0.3
2024-07-29,35.7,73,15.8,0.3,Delhi,0.1
2024-07-30,36.4,70,13.7,0.1,Delhi,116.0
2024-07-31,37.1,78,17.4,116.0,Delhi,34.7
2024-08-01,31.2,85,17.8,34.7,Delhi,3.0
2024-08-02,32.2,83,17.6,3.0,Delhi,1.9
2024-08-03,32.4,82,20.9,1.9,Delhi,0.1
2024-08-04,33.5,74,25.9,0.1,Delhi,1.2
2024-08-05,32.6,76,31.0,1.2,Delhi,0.1
2024-08-06,31.8,76,14.7,0.1,Delhi,16.4
2024-08-07,30.1,86,11.2,16.4,Delhi,10.8
2024-08-08,31.5,87,12.3,10.8,Delhi,30.8
2024-08-09,31.8,87,8.4,30.8,Delhi,16.7
2024-08-10,31.3,87,9.8,16.7,Delhi,11.4
2024-08-11,30.9,89,11.1,11.4,Delhi,10.9
2024-08-12,30.0,91,13.6,10.9,Delhi,9.1
2024-08-13,30.8,90,15.1,9.1,Delhi,7.8
2024-08-14,30.7,89,10.8,7.8,Delhi,10.9
2024-08-15,32.2,87,14.1,10.9,Delhi,15.0
2024-08-16,32.3,88,15.5,15.0,Delhi,7.7
2024-08-17,31.9,86,9.6,7.7,Delhi,2.3
2024-08-18,32.7,83,14.7,2.3,Delhi,1.6
2024-08-19,32.7,82,17.0,1.6,Delhi,4.3
2024-08-20,31.6,85,12.7,4.3,Delhi,5.4
2024-08-21,32.0,86,8.7,5.4,Delhi,7.0
2024-08-22,32.8,86,10.7,7.0,Delhi,0.9
2024-08-23,30.7,86,10.5,0.9,Delhi,8.8
2024-08-24,31.5,84,16.6,8.8,Delhi,15.2
2024-08-25,32.2,79,22.0,15.2,Delhi,3.8
2024-08-26,31.6,83,22.7,3.8,Delhi,11.1
2024-08-27,31.2,85,24.1,11.1,Delhi,7.9
2024-08-28,30.3,87,16.2,7.9,Delhi,19.5
2024-08-29,30.9,87,19.4,19.5,Delhi,7.5
2024-08-30,31.3,88,9.1,7.5,Delhi,0.0
2024-08-31,33.3,79,13.3,0.0,Delhi,0.1
2024-09-01,33.5,76,13.9,0.1,Delhi,11.7
2024-09-02,31.5,84,14.1,11.7,Delhi,17.8
2024-09-03,31.6,87,13.4,17.8,Delhi,0.9
2024-09-04,30.8,87,10.6,0.9,Delhi,2.9
2024-09-05,31.6,84,12.8,2.9,Delhi,14.7
2024-09-06,30.6,89,15.6,14.7,Delhi,23.6
2024-09-07,30.4,88,11.8,23.6,Delhi,14.1
2024-09-08,31.3,87,10.3,14.1,Delhi,3.4
2024-09-09,32.7,82,13.2,3.4,Delhi,11.8
2024-09-10,30.7,89,11.5,11.8,Delhi,26.7
2024-09-11,31.7,89,16.6,26.7,Delhi,100.8
2024-09-12,27.2,91,24.4,100.8,Delhi,54.7
2024-09-13,30.0,89,22.7,54.7,Delhi,4.7
2024-09-14,29.9,84,18.7,4.7,Delhi,0.1
2024-09-15,31.2,79,19.8,0.1,Delhi,0.0
2024-09-16,32.1,73,17.3,0.0,Delhi,0.0
2024-09-17,31.5,74,11.6,0.0,Delhi,62.7
2024-09-18,27.7,86,17.9,62.7,Delhi,3.7
2024-09-19,29.8,85,15.7,3.7,Delhi,0.0
2024-09-20,31.1,80,12.2,0.0,Delhi,0.2
2024-09-21,31.6,79,9.2,0.2,Delhi,0.0
2024-09-22,33.1,77,6.9,0.0,Delhi,0.0
2024-09-23,33.3,78,10.7,0.0,Delhi,0.0
2024-09-24,33.6,77,6.9,0.0,Delhi,0.4
2024-09-25,33.0,81,16.1,0.4,Delhi,0.4
2024-09-26,31.4,82,13.2,0.4,Delhi,0.8
2024-09-27,30.9,80,16.0,0.8,Delhi,0.0
2024-09-28,30.5,81,11.6,0.0,Delhi,0.3
2024-09-29,30.7,83,10.1,0.3,Delhi,0.0
2024-09-30,32.7,77,15.2,0.0,Delhi,0.0
2024-10-01,33.2,76,14.9,0.0,Delhi,0.0
2024-10-02,34.6,73,17.7,0.0,Delhi,0.0
2024-10-03,33.9,66,18.4,0.0,Delhi,0.0
2024-10-04,33.5,68,13.4,0.0,Delhi,0.0
2024-10-05,33.6,66,17.8,0.0,Delhi,0.0
2024-10-06,33.6,65,15.9,0.0,Delhi,0.0
2024-10-07,32.4,71,9.1,0.0,Delhi,0.0
2024-10-08,32.5,70,10.0,0.0,Delhi,0.0
2024-10-09,32.2,65,14.8,0.0,Delhi,0.0
2024-10-10,32.3,60,13.9,0.0,Delhi,0.0
2024-10-11,31.7,56,13.7,0.0,Delhi,0.0
2024-10-12,32.0,61,10.6,0.0,Delhi,0.0
2024-10-13,32.1,57,8.7,0.0,Delhi,0.0
2024-10-14,31.8,55,10.4,0.0,Delhi,0.0
2024-10-15,31.9,57,13.1,0.0,Delhi,0.0
2024-10-16,32.4,57,9.0,0.0,Delhi,0.0
2024-10-17,32.8,63,9.2,0.0,Delhi,0.0
2024-10-18,33.4,65,10.1,0.0,Delhi,0.0
2024-10-19,33.7,63,9.9,0.0,Delhi,0.0
2024-10-20,33.0,68,10.5,0.0,Delhi,0.0
2024-10-21,32.3,70,9.1,0.0,Delhi,0.0
2024-10-22,31.5,67,9.5,0.0,Delhi,0.0
2024-10-23,32.1,61,17.5,0.0,Delhi,0.0
2024-10-24,32.6,59,14.8,0.0,Delhi,0.0
2024-10-25,32.1,61,17.9,0.0,Delhi,0.0
2024-10-26,31.6,66,13.2,0.0,Delhi,0.0
2024-10-27,31.1,74,8.5,0.0,Delhi,0.0
2024-10-28,31.4,71,10.9,0.0,Delhi,0.0
2024-10-29,32.9,70,8.9,0.0,Delhi,0.0
2024-10-30,34.3,65,12.4,0.0,Delhi,0.0
2024-10-31,32.8,63,18.0,0.0,Delhi,0.0
2024-11-01,32.0,53,17.6,0.0,Delhi,0.0
2024-11-02,31.7,54,10.7,0.0,Delhi,0.0
2024-11-03,31.3,54,9.3,0.0,Delhi,0.0
2024-11-04,30.4,62,9.5,0.0,Delhi,0.0
2024-11-05,29.4,71,10.5,0.0,Delhi,0.0
2024-11-06,30.2,67,8.9,0.0,Delhi,0.0
2024-11-07,30.1,67,7.4,0.0,Delhi,0.0
2024-11-08,30.3,66,8.1,0.0,Delhi,0.0
2024-11-09,30.6,68,11.4,0.0,Delhi,0.0
2024-11-10,30.2,69,9.6,0.0,Delhi,0.0
2024-11-11,29.8,74,8.0,0.0,Delhi,0.0
2024-11-12,31.2,60,15.0,0.0,Delhi,0.0
2024-11-13,30.0,56,10.5,0.0,Delhi,0.0
2024-11-14,30.0,55,9.6,0.0,Delhi,0.0
2024-11-15,29.0,51,12.6,0.0,Delhi,0.0
2024-11-16,28.8,55,10.5,0.0,Delhi,0.0
2024-11-17,28.5,58,8.9,0.0,Delhi,0.0
2024-11-18,26.4,60,7.8,0.0,Delhi,0.0
2024-11-19,25.9,51,8.7,0.0,Delhi,0.0
2024-11-20,25.9,50,8.3,0.0,Delhi,0.0
2024-11-21,25.8,51,7.7,0.0,Delhi,0.0
2024-11-22,26.3,54,7.0,0.0,Delhi,0.0
2024-11-23,27.5,51,6.0,0.0,Delhi,0.0
2024-11-24,27.7,48,10.6,0.0,Delhi,0.0
2024-11-25,25.9,57,11.0,0.0,Delhi,0.0
2024-11-26,25.6,56,10.4,0.0,Delhi,0.0
2024-11-27,26.0,49,8.1,0.0,Delhi,0.0
2024-11-28,25.5,50,6.5,0.0,Delhi,0.0
2024-11-29,24.6,59,5.1,0.0,Delhi,0.0
2024-11-30,24.9,60,8.0,0.0,Delhi,0.0
2024-12-01,24.8,61,8.1,0.0,Delhi,0.0
2024-12-02,25.8,58,7.1,0.0,Delhi,0.0
2024-12-03,26.5,56,10.7,0.0,Delhi,0.0
2024-12-04,25.6,50,14.2,0.0,Delhi,0.0
2024-12-05,23.6,45,12.7,0.0,Delhi,0.0
2024-12-06,23.5,47,12.0,0.0,Delhi,0.0
2024-12-07,23.1,44,5.0,0.0,Delhi,1.5
2024-12-08,22.3,56,13.1,1.5,Delhi,0.0
2024-12-09,20.2,65,8.7,0.0,Delhi,0.0
2024-12-10,20.1,53,13.0,0.0,Delhi,0.0
2024-12-11,20.2,47,10.5,0.0,Delhi,0.0
2024-12-12,20.5,52,10.1,0.0,Delhi,0.0
2024-12-13,20.6,48,15.1,0.0,Delhi,0.0
2024-12-14,20.7,44,12.5,0.0,Delhi,0.0
2024-12-15,21.1,51,6.5,0.0,Delhi,0.0
2024-12-16,21.0,67,5.9,0.0,Delhi,0.0
2024-12-17,20.6,74,4.4,0.0,Delhi,0.0
2024-12-18,20.9,69,7.2,0.0,Delhi,0.0
2024-12-19,20.8,62,8.3,0.0,Delhi,0.0
2024-12-20,23.2,62,6.5,0.0,Delhi,0.0
2024-12-21,22.1,65,7.3,0.0,Delhi,0.0
2024-12-22,22.5,60,7.2,0.0,Delhi,1.4
2024-12-23,17.6,68,10.1,1.4,Delhi,0.5
2024-12-24,18.7,77,8.9,0.5,Delhi,0.0
2024-12-25,20.6,78,7.6,0.0,Delhi,0.0
2024-12-26,22.6,68,4.8,0.0,Delhi,29.9
2024-12-27,17.1,84,11.3,29.9,Delhi,4.6
2024-12-28,18.1,89,7.8,4.6,Delhi,0.0
2024-12-29,18.3,86,9.6,0.0,Delhi,0.0
2024-12-30,18.1,87,11.0,0.0,Delhi,0.0
2024-12-31,16.1,89,5.1,0.0,Delhi,0.0
2025-01-01,16.8,89,9.4,0.0,Delhi,0.0
2025-01-02,18.2,85,10.1,0.0,Delhi,0.0
2025-01-03,19.6,86,6.1,0.0,Delhi,0.0
2025-01-04,21.1,89,7.3,0.0,Delhi,0.0
2025-01-05,18.1,90,9.1,0.0,Delhi,4.9
2025-01-06,18.0,89,9.3,4.9,Delhi,0.0
2025-01-07,17.5,88,13.8,0.0,Delhi,0.0
2025-01-08,18.4,75,11.1,0.0,Delhi,0.0
2025-01-09,18.7,77,4.9,0.0,Delhi,0.0
2025-01-10,17.9,85,6.4,0.0,Delhi,3.9
2025-01-11,16.8,88,14.1,3.9,Delhi,0.1
2025-01-12,18.0,87,6.2,0.1,Delhi,0.0
2025-01-13,19.0,86,8.6,0.0,Delhi,0.0
2025-01-14,18.2,83,8.1,0.0,Delhi,2.9
2025-01-15,18.4,87,6.3,2.9,Delhi,0.7
2025-01-16,18.0,84,6.2,0.7,Delhi,0.0
2025-01-17,18.9,81,9.3,0.0,Delhi,0.0
2025-01-18,17.8,86,8.6,0.0,Delhi,0.0
2025-01-19,21.3,86,5.5,0.0,Delhi,0.0
2025-01-20,21.9,83,10.2,0.0,Delhi,0.0
2025-01-21,21.9,78,10.0,0.0,Delhi,0.0
2025-01-22,22.8,75,6.6,0.0,Delhi,1.6
2025-01-23,21.9,71,11.1,1.6,Delhi,0.0
2025-01-24,20.9,67,12.9,0.0,Delhi,0.0
2025-01-25,20.8,63,11.6,0.0,Delhi,0.0
2025-01-26,21.0,62,10.1,0.0,Delhi,0.0
2025-01-27,21.5,62,9.5,0.0,Delhi,0.0
2025-01-28,22.9,58,8.3,0.0,Delhi,0.0
2025-01-29,24.0,63,9.7,0.0,Delhi,0.0
2025-01-30,24.8,66,7.6,0.0,Delhi,0.0
2025-01-31,26.3,65,8.1,0.0,Delhi,0.0
2025-02-01,25.5,63,15.6,0.0,Delhi,0.0
2025-02-02,23.6,70,11.3,0.0,Delhi,1.7
2025-02-03,22.8,66,6.5,1.7,Delhi,0.7
2025-02-04,22.9,70,8.9,0.7,Delhi,0.3
2025-02-05,21.4,68,12.0,0.3,Delhi,0.0
2025-02-06,21.1,51,16.8,0.0,Delhi,0.0
2025-02-07,20.8,52,17.3,0.0,Delhi,0.0
2025-02-08,23.3,52,12.6,0.0,Delhi,0.0
2025-02-09,25.2,59,8.1,0.0,Delhi,0.0
2025-02-10,27.2,59,7.1,0.0,Delhi,0.0
2025-02-11,27.9,60,9.5,0.0,Delhi,0.0
2025-02-12,25.3,51,16.2,0.0,Delhi,0.0
2025-02-13,23.6,47,16.1,0.0,Delhi,0.0
2025-02-14,24.6,42,14.1,0.0,Delhi,0.0
2025-02-15,25.6,46,10.3,0.0,Delhi,0.0
2025-02-16,26.6,52,8.4,0.0,Delhi,0.0
2025-02-17,28.8,52,7.9,0.0,Delhi,0.0
2025-02-18,26.4,53,9.6,0.0,Delhi,1.0
2025-02-19,27.0,51,8.5,1.0,Delhi,7.1
2025-02-20,23.7,69,16.6,7.1,Delhi,0.4
2025-02-21,25.1,71,11.2,0.4,Delhi,0.0
2025-02-22,23.9,66,11.9,0.0,Delhi,0.0
2025-02-23,25.1,62,9.1,0.0,Delhi,0.0
2025-02-24,26.9,57,10.3,0.0,Delhi,0.0
2025-02-25,28.1,54,7.4,0.0,Delhi,0.0
2025-02-26,30.1,55,8.9,0.0,Delhi,1.0
2025-02-27,23.4,70,17.1,1.0,Delhi,3.3
2025-02-28,23.4,73,12.9,3.3,Delhi,7.7
2025-03-01,24.1,81,15.8,7.7,Delhi,0.0
2025-03-02,24.6,67,13.2,0.0,Delhi,0.0
2025-03-03,26.9,59,7.8,0.0,Delhi,0.0
2025-03-04,24.4,60,17.0,0.0,Delhi,0.0
2025-03-05,22.8,45,22.7,0.0,Delhi,0.0
2025-03-06,26.6,41,14.2,0.0,Delhi,0.0
2025-03-07,28.4,44,9.5,0.0,Delhi,0.0
2025-03-08,30.1,43,12.0,0.0,Delhi,0.0
2025-03-09,31.8,43,11.9,0.0,Delhi,0.0
2025-03-10,31.7,46,13.5,0.0,Delhi,0.0
2025-03-11,34.4,46,7.1,0.0,Delhi,0.0
2025-03-12,32.9,50,12.2,0.0,Delhi,5.9
2025-03-13,32.0,53,14.8,5.9,Delhi,0.0
2025-03-14,33.2,51,13.6,0.0,Delhi,0.5
2025-03-15,30.3,55,15.0,0.5,Delhi,0.1
2025-03-16,29.9,48,12.9,0.1,Delhi,0.0
2025-03-17,28.3,44,14.0,0.0,Delhi,0.0
2025-03-18,29.9,43,11.8,0.0,Delhi,0.0
2025-03-19,32.3,37,11.9,0.0,Delhi,0.0
2025-03-20,33.0,32,13.9,0.0,Delhi,0.0
2025-03-21,32.0,32,15.5,0.0,Delhi,0.0
2025-03-22,31.3,33,16.1,0.0,Delhi,0.0
2025-03-23,32.7,34,10.3,0.0,Delhi,0.0
2025-03-24,33.9,32,8.5,0.0,Delhi,0.0
2025-03-25,36.4,32,9.7,0.0,Delhi,0.0
2025-03-26,37.9,29,12.2,0.0,Delhi,0.0
2025-03-27,36.2,27,12.8,0.0,Delhi,0.0
2025-03-28,31.0,25,15.5,0.0,Delhi,0.0
2025-03-29,28.9,22,15.2,0.0,Delhi,0.0
2025-03-30,31.5,22,12.6,0.0,Delhi,0.0
2025-03-31,33.9,21,13.5,0.0,Delhi,0.0
2025-04-01,33.3,21,13.6,0.0,Delhi,0.0
2025-04-02,35.7,22,11.8,0.0,Delhi,0.0
2025-04-03,37.4,19,9.4,0.0,Delhi,0.0
2025-04-04,37.0,18,14.2,0.0,Delhi,0.0
2025-04-05,35.2,22,13.8,0.0,Delhi,0.0
2025-04-06,38.1,22,10.3,0.0,Delhi,0.0
2025-04-07,39.9,22,7.6,0.0,Delhi,0.0
2025-04-08,39.9,22,9.7,0.0,Delhi,0.0
2025-04-09,40.7,25,12.5,0.0,Delhi,1.4
2025-04-10,38.9,33,23.3,1.4,Delhi,8.1
2025-04-11,34.2,60,25.8,8.1,Delhi,1.1
2025-04-12,34.8,57,9.9,1.1,Delhi,0.0
2025-04-13,35.3,47,5.6,0.0,Delhi,0.0
2025-04-14,35.6,42,10.1,0.0,Delhi,0.0
2025-04-15,36.6,37,10.0,0.0,Delhi,0.0
2025-04-16,38.2,34,9.5,0.0,Delhi,0.0
2025-04-17,40.5,32,15.8,0.0,Delhi,0.0
2025-04-18,40.8,40,15.9,0.0,Delhi,0.0
2025-04-19,39.9,41,19.7,0.0,Delhi,0.0
2025-04-20,40.0,37,17.4,0.0,Delhi,0.0
2025-04-21,40.4,23,11.9,0.0,Delhi,0.0
2025-04-22,39.5,10,12.2,0.0,Delhi,0.0
2025-04-23,39.2,11,13.7,0.0,Delhi,0.0
2025-04-24,40.4,11,15.3,0.0,Delhi,0.0
2025-04-25,41.6,13,14.3,0.0,Delhi,0.0
2025-04-26,41.5,13,18.8,0.0,Delhi,0.0
2025-04-27,40.8,14,11.2,0.0,Delhi,0.0
2025-04-28,41.1,20,17.3,0.0,Delhi,0.0
2025-04-29,37.5,35,15.0,0.0,Delhi,0.0
2025-04-30,36.8,37,12.3,0.0,Delhi,0.0
2025-05-01,37.6,36,14.7,0.0,Delhi,12.4
2025-05-02,28.6,65,13.3,12.4,Delhi,3.4
2025-05-03,35.4,54,12.3,3.4,Delhi,2.0
2025-05-04,34.8,49,11.5,2.0,Delhi,0.1
2025-05-05,35.6,58,13.4,0.1,Delhi,0.4
2025-05-06,34.4,62,19.3,0.4,Delhi,0.5
2025-05-07,33.3,62,10.7,0.5,Delhi,2.7
2025-05-08,32.4,61,11.6,2.7,Delhi,1.1
2025-05-09,37.1,49,9.8,1.1,Delhi,1.5
2025-05-10,37.1,52,18.2,1.5,Delhi,0.0
2025-05-11,38.2,49,14.0,0.0,Delhi,0.0
2025-05-12,39.6,35,13.5,0.0,Delhi,0.0
2025-05-13,41.3,24,18.7,0.0,Delhi,0.0
2025-05-14,41.2,21,16.2,0.0,Delhi,0.0
2025-05-15,41.9,21,12.2,0.0,Delhi,0.0
2025-05-16,42.7,24,18.1,0.0,Delhi,0.0
2025-05-17,42.8,28,19.7,0.0,Delhi,0.0
2025-05-18,42.1,31,14.4,0.0,Delhi,0.0
2025-05-19,42.0,45,12.8,0.0,Delhi,0.0
2025-05-20,42.6,45,20.6,0.0,Delhi,0.0
2025-05-21,43.0,45,22.6,0.0,Delhi,0.0
2025-05-22,37.0,55,14.7,0.0,Delhi,1.5
2025-05-23,38.2,52,14.0,1.5,Delhi,0.4
2025-05-24,37.7,48,16.8,0.4,Delhi,0.4
2025-05-25,31.2,66,16.2,0.4,Delhi,1.8
2025-05-26,35.7,65,15.6,1.8,Delhi,0.0
2025-05-27,36.1,62,8.8,0.0,Delhi,0.0
2025-05-28,39.5,55,11.3,0.0,Delhi,0.3
2025-05-29,40.1,52,8.8,0.3,Delhi,0.0
2025-05-30,36.1,49,13.2,0.0,Delhi,1.0
2025-05-31,39.7,48,14.4,1.0,Delhi,4.2
2025-06-01,37.3,48,18.6,4.2,Delhi,0.3
2025-06-02,37.1,48,10.3,0.3,Delhi,0.0
2025-06-03,34.6,46,12.3,0.0,Delhi,0.3
2025-06-04,36.4,55,19.8,0.3,Delhi,0.0
2025-06-05,37.2,46,9.4,0.0,Delhi,0.0
2025-06-06,37.8,40,10.2,0.0,Delhi,0.0
2025-06-07,41.2,37,10.4,0.0,Delhi,0.0
2025-06-08,42.8,35,14.6,0.0,Delhi,0.0
2025-06-09,43.7,29,16.5,0.0,Delhi,0.0
2025-06-10,43.1,22,14.4,0.0,Delhi,0.0
2025-06-11,43.6,32,11.6,0.0,Delhi,0.5
2025-06-12,43.1,45,11.7,0.5,Delhi,0.0
2025-06-13,41.1,48,13.4,0.0,Delhi,0.3
2025-06-14,42.9,47,13.5,0.3,Delhi,1.3
2025-06-15,37.9,53,18.5,1.3,Delhi,25.6
2025-06-16,32.0,81,13.8,25.6,Delhi,16.9
2025-06-17,33.7,82,11.1,16.9,Delhi,5.3
2025-06-18,33.2,79,7.8,5.3,Delhi,0.1
2025-06-19,32.7,77,9.9,0.1,Delhi,1.2
2025-06-20,31.7,84,13.8,1.2,Delhi,1.6
2025-06-21,34.7,77,7.3,1.6,Delhi,0.8
2025-06-22,34.0,74,8.1,0.8,Delhi,0.1
2025-06-23,35.7,74,8.6,0.1,Delhi,1.1
2025-06-24,36.1,75,7.6,1.1,Delhi,12.9
2025-06-25,32.1,84,12.0,12.9,Delhi,11.5
2025-06-26,34.5,76,11.6,11.5,Delhi,0.5
2025-06-27,33.7,75,8.8,0.5,Delhi,8.3
2025-06-28,35.8,74,8.5,8.3,Delhi,16.2
2025-06-29,33.4,79,12.4,16.2,Delhi,17.3
2025-06-30,31.7,87,10.1,17.3,Delhi,9.1
2025-07-01,33.2,84,10.1,9.1,Delhi,1.1
2025-07-02,33.2,81,10.3,1.1,Delhi,0.9
2025-07-03,33.5,78,11.0,0.9,Delhi,0.3
2025-07-04,34.2,78,8.4,0.3,Delhi,3.4
2025-07-05,35.2,77,7.1,3.4,Delhi,7.4
2025-07-06,35.7,74,8.1,7.4,Delhi,13.5
2025-07-07,33.2,83,6.6,13.5,Delhi,0.0
2025-07-08,34.0,76,9.2,0.0,Delhi,14.9
2025-07-09,31.7,82,10.2,14.9,Delhi,3.6
2025-07-10,29.6,85,8.5,3.6,Delhi,0.4
2025-07-11,31.6,83,4.2,0.4,Delhi,2.7
2025-07-12,33.5,80,9.3,2.7,Delhi,18.6
2025-07-13,32.5,87,11.0,18.6,Delhi,17.6
2025-07-14,30.5,85,18.7,17.6,Delhi,7.3
2025-07-15,32.2,84,17.2,7.3,Delhi,8.2
2025-07-16,32.3,83,11.8,8.2,Delhi,1.4
2025-07-17,31.1,82,12.9,1.4,Delhi,4.1
2025-07-18,31.6,80,18.3,4.1,Delhi,0.0
2025-07-19,32.2,77,16.6,0.0,Delhi,0.0
2025-07-20,34.3,73,8.8,0.0,Delhi,0.4
2025-07-21,31.5,78,6.6,0.4,Delhi,0.2
2025-07-22,34.8,74,9.0,0.2,Delhi,1.2
2025-07-23,33.2,78,10.5,1.2,Delhi,1.5
2025-07-24,35.5,72,11.8,1.5,Delhi,0.5
2025-07-25,36.3,68,10.6,0.5,Delhi,2.3
2025-07-26,35.4,73,11.7,2.3,Delhi,0.9
2025-07-27,36.3,68,12.3,0.9,Delhi,1.6
2025-07-28,36.6,67,9.7,1.6,Delhi,3.8
2025-07-29,32.9,82,7.6,3.8,Delhi,15.3
2025-07-30,31.6,88,10.4,15.3,Delhi,29.2
2025-07-31,31.5,88,9.9,29.2,Delhi,7.5
2025-08-01,32.0,85,10.6,7.5,Delhi,0.9
2025-08-02,32.4,79,10.9,0.9,Delhi,0.7
2025-08-03,33.1,77,11.8,0.7,Delhi,0.1
2025-08-04,31.0,82,12.1,0.1,Delhi,8.3
2025-08-05,30.1,84,10.9,8.3,Delhi,0.5
2025-08-06,32.1,80,9.0,0.5,Delhi,0.0
2025-08-07,33.9,72,12.8,0.0,Delhi,0.0
2025-08-08,33.1,70,11.9,0.0,Delhi,8.9
2025-08-09,30.5,84,7.2,8.9,Delhi,1.7
2025-08-10,32.1,83,5.9,1.7,Delhi,1.6
2025-08-11,33.9,78,11.3,1.6,Delhi,3.9
2025-08-12,33.3,80,11.4,3.9,Delhi,0.0
2025-08-13,33.4,74,8.5,0.0,Delhi,8.2
2025-08-14,29.6,88,7.5,8.2,Delhi,4.6
2025-08-15,31.7,86,7.0,4.6,Delhi,4.1
2025-08-16,31.2,87,8.3,4.1,Delhi,3.6
2025-08-17,32.0,86,10.3,3.6,Delhi,9.0
2025-08-18,31.8,83,14.2,9.0,Delhi,5.4
2025-08-19,31.9,82,11.6,5.4,Delhi,5.6
2025-08-20,32.7,79,12.3,5.6,Delhi,13.8
2025-08-21,33.6,78,12.8,13.8,Delhi,3.3
2025-08-22,34.2,75,7.6,3.3,Delhi,13.2
2025-08-23,32.6,84,11.2,13.2,Delhi,11.8
2025-08-24,31.1,87,14.7,11.8,Delhi,19.7
2025-08-25,29.0,89,15.9,19.7,Delhi,6.7
2025-08-26,29.9,89,18.0,6.7,Delhi,1.4
2025-08-27,32.6,86,8.4,1.4,Delhi,15.5
2025-08-28,32.4,86,9.7,15.5,Delhi,12.6
2025-08-29,31.3,88,12.2,12.6,Delhi,3.8
2025-08-30,31.8,84,12.3,3.8,Delhi,13.1
2025-08-31,30.0,90,15.8,13.1,Delhi,31.5
2025-09-01,29.2,92,17.5,31.5,Delhi,21.7
2025-09-02,27.0,93,15.6,21.7,Delhi,14.7
2025-09-03,29.4,89,10.4,14.7,Delhi,17.7
2025-09-04,31.4,87,12.0,17.7,Delhi,4.8
2025-09-05,31.0,85,17.0,4.8,Delhi,13.3
2025-09-06,31.2,85,14.1,13.3,Delhi,2.3
2025-09-07,31.9,85,11.0,2.3,Delhi,0.7
2025-09-08,32.0,81,6.1,0.7,Delhi,0.4
2025-09-09,32.4,76,10.8,0.4,Delhi,0.0
2025-09-10,33.2,73,15.6,0.0,Delhi,0.0
2025-09-11,32.8,69,15.2,0.0,Delhi,0.2
2025-09-12,33.5,67,11.3,0.2,Delhi,0.9
2025-09-13,35.3,60,11.5,0.9,Delhi,0.2
2025-09-14,36.5,57,12.1,0.2,Delhi,0.0
2025-09-15,36.4,54,13.3,0.0,Delhi,0.1
2025-09-16,36.8,56,10.2,0.1,Delhi,0.2
2025-09-17,36.4,61,9.5,0.2,Delhi,1.6
2025-09-18,34.9,67,8.5,1.6,Delhi,0.7
2025-09-19,35.5,62,11.5,0.7,Delhi,0.0
2025-09-20,36.2,56,14.8,0.0,Delhi,0.0
2025-09-21,36.4,53,14.4,0.0,Delhi,0.0
2025-09-22,36.9,51,16.0,0.0,Delhi,0.0
2025-09-23,36.7,47,16.7,0.0,Delhi,0.0
2025-09-24,36.1,50,15.6,0.0,Delhi,0.0
2025-09-25,36.2,52,13.5,0.0,Delhi,0.0
2025-09-26,37.0,52,14.0,0.0,Delhi,0.1
2025-09-27,38.7,54,6.1,0.1,Delhi,0.0
2025-09-28,36.5,60,13.5,0.0,Delhi,0.2
2025-09-29,36.3,58,8.6,0.2,Delhi,8.0
2025-09-30,34.8,64,14.0,8.0,Delhi,2.8
2025-10-01,33.5,74,13.7,2.8,Delhi,1.0
2025-10-02,32.4,72,9.1,1.0,Delhi,0.0
2025-10-03,33.6,71,8.2,0.0,Delhi,0.1
2025-10-04,34.6,60,12.2,0.1,Delhi,0.7
2025-10-05,33.9,60,14.0,0.7,Delhi,14.6
2025-10-06,29.2,85,14.3,14.6,Delhi,5.2
2025-10-07,28.5,87,9.8,5.2,Delhi,0.2
2025-10-08,25.7,86,9.2,0.2,Delhi,0.4
2025-10-09,28.2,75,8.7,0.4,Delhi,0.0
2025-10-10,28.5,68,7.4,0.0,Delhi,0.0
2025-10-11,29.0,68,9.3,0.0,Delhi,0.0
2025-10-12,30.7,63,9.9,0.0,Delhi,0.0
2025-10-13,31.7,59,5.4,0.0,Delhi,0.0
2025-10-14,32.0,52,5.1,0.0,Delhi,0.0
2025-10-15,31.9,49,6.0,0.0,Delhi,0.0
2025-10-16,31.7,51,6.9,0.0,Delhi,0.0
2025-10-17,32.3,54,6.3,0.0,Delhi,0.0
2025-10-18,33.2,53,5.5,0.0,Delhi,0.0
2025-10-19,33.6,52,10.1,0.0,Delhi,0.0
2025-10-20,33.1,49,8.5,0.0,Delhi,0.4
2025-10-21,30.4,57,7.1,0.4,Delhi,0.0
2025-10-22,32.1,53,9.2,0.0,Delhi,0.0
2025-10-23,31.8,42,9.7,0.0,Delhi,0.0
2025-10-24,32.2,46,6.5,0.0,Delhi,0.0
2025-10-25,31.7,45,6.4,0.0,Delhi,0.0
2025-10-26,31.6,46,7.1,0.0,Delhi,0.0
2025-10-27,30.3,56,14.3,0.0,Delhi,0.0
2025-10-28,26.6,72,6.9,0.0,Delhi,0.0
2025-10-29,29.2,66,8.6,0.0,Delhi,0.1
2025-10-30,27.3,74,6.3,0.1,Delhi,0.1
2025-10-31,30.3,75,6.9,0.1,Delhi,0.0
2025-11-01,30.9,62,10.2,0.0,Delhi,0.0
2025-11-02,29.4,59,12.8,0.0,Delhi,0.0
2025-11-03,30.5,53,14.1,0.0,Delhi,0.0
2025-11-04,28.7,60,11.0,0.0,Delhi,0.0
2025-11-05,29.5,62,10.9,0.0,Delhi,0.0
2025-11-06,26.1,49,10.7,0.0,Delhi,0.0
2025-11-07,27.3,47,10.0,0.0,Delhi,0.0
2025-11-08,26.8,45,10.7,0.0,Delhi,0.0
2025-11-09,26.8,46,9.3,0.0,Delhi,0.0
2025-11-10,27.0,46,8.8,0.0,Delhi,0.0
2025-11-11,27.4,47,10.6,0.0,Delhi,0.0
2025-11-12,27.5,48,12.8,0.0,Delhi,0.0
2025-11-13,26.3,52,9.9,0.0,Delhi,0.0
2025-11-14,26.0,50,9.7,0.0,Delhi,0.0
2025-11-15,26.6,50,10.3,0.0,Delhi,0.0
2025-11-16,26.8,50,11.6,0.0,Delhi,0.0
2025-11-17,26.0,50,6.8,0.0,Delhi,0.0
2025-11-18,25.8,58,7.8,0.0,Delhi,0.0
2025-11-19,26.0,63,5.9,0.0,Delhi,0.0
2025-11-20,26.1,64,5.6,0.0,Delhi,0.0
2025-11-21,26.2,61,6.1,0.0,Delhi,0.0
2025-11-22,26.2,57,8.2,0.0,Delhi,0.0
2025-11-23,25.9,56,8.1,0.0,Delhi,0.0
2025-11-24,25.0,58,6.9,0.0,Delhi,0.0
2025-11-25,24.0,58,8.7,0.0,Delhi,0.0
2025-11-26,23.9,57,5.4,0.0,Delhi,0.0
2025-11-27,24.4,55,3.4,0.0,Delhi,0.0
2025-11-28,25.2,60,7.7,0.0,Delhi,0.0
2025-11-29,25.9,54,11.5,0.0,Delhi,0.0
2025-11-30,23.6,49,12.9,0.0,Delhi,0.0
2025-12-01,24.3,49,6.5,0.0,Delhi,0.0
2025-12-02,25.2,57,7.5,0.0,Delhi,0.0
2025-12-03,22.9,55,10.4,0.0,Delhi,0.0
2025-12-04,21.9,56,10.5,0.0,Delhi,0.0
2025-12-05,21.8,56,7.5,0.0,Delhi,0.0
2025-12-06,23.6,53,12.9,0.0,Delhi,0.0
2025-12-07,24.1,56,10.4,0.0,Delhi,0.0
2025-12-08,25.2,53,12.6,0.0,Delhi,0.0
2025-12-09,24.5,54,12.7,0.0,Delhi,0.0
2025-12-10,24.1,57,10.3,0.0,Delhi,0.0
2025-12-11,24.7,60,10.4,0.0,Delhi,0.0
2025-12-12,24.4,63,5.6,0.0,Delhi,0.0
2025-12-13,24.5,66,4.5,0.0,Delhi,0.0
2025-12-14,24.2,70,4.5,0.0,Delhi,0.0
2025-12-15,23.3,72,8.3,0.0,Delhi,0.0
2025-12-16,23.3,69,11.7,0.0,Delhi,0.0
2025-12-17,23.8,70,10.5,0.0,Delhi,0.0
2025-12-18,22.5,74,8.3,0.0,Delhi,0.0
2025-12-19,21.9,78,7.7,0.0,Delhi,0.0
2025-12-20,21.8,78,6.9,0.0,Delhi,0.0
2025-12-21,20.4,84,6.0,0.0,Delhi,0.0
2025-12-22,21.3,83,5.2,0.0,Delhi,0.0
2025-12-23,23.1,81,10.4,0.0,Delhi,0.0
2025-12-24,21.1,69,12.1,0.0,Delhi,0.0
2025-12-25,21.0,64,8.0,0.0,Delhi,0.0
2025-12-26,21.1,67,8.4,0.0,Delhi,0.0
2025-12-27,20.5,77,7.6,0.0,Delhi,0.0
2025-12-28,20.5,78,6.3,0.0,Delhi,0.0
2025-12-29,19.9,81,5.6,0.0,Delhi,0.0
2025-12-30,20.4,79,7.6,0.0,Delhi,0.0
2024-01-01,28.7,71,17.1,0.0,Chennai,0.0
2024-01-02,27.8,70,16.5,0.0,Chennai,0.0
2024-01-03,28.2,69,16.9,0.0,Chennai,1.0
2024-01-04,29.0,71,19.4,1.0,Chennai,0.3
2024-01-05,29.0,71,16.9,0.3,Chennai,2.7
2024-01-06,28.3,78,23.4,2.7,Chennai,20.3
2024-01-07,26.6,83,23.8,20.3,Chennai,25.5
2024-01-08,26.8,86,23.7,25.5,Chennai,0.1
2024-01-09,28.4,75,20.7,0.1,Chennai,0.0
2024-01-10,28.2,78,18.3,0.0,Chennai,0.0
2024-01-11,28.2,78,16.4,0.0,Chennai,0.0
2024-01-12,28.4,80,14.5,0.0,Chennai,0.2
2024-01-13,28.5,85,14.7,0.2,Chennai,0.3
2024-01-14,28.4,84,12.6,0.3,Chennai,0.0
2024-01-15,28.4,78,11.7,0.0,Chennai,0.0
2024-01-16,28.1,72,10.1,0.0,Chennai,0.0
2024-01-17,28.1,77,13.2,0.0,Chennai,0.0
2024-01-18,28.5,79,11.6,0.0,Chennai,0.1
2024-01-19,28.6,83,13.8,0.1,Chennai,0.0
2024-01-20,28.7,78,14.6,0.0,Chennai,0.0
2024-01-21,29.1,80,12.6,0.0,Chennai,0.0
2024-01-22,28.6,81,12.9,0.0,Chennai,0.0
2024-01-23,29.0,76,15.3,0.0,Chennai,0.0
2024-01-24,29.4,76,16.9,0.0,Chennai,0.0
2024-01-25,29.2,78,15.3,0.0,Chennai,1.0
2024-01-26,29.1,77,14.8,1.0,Chennai,0.3
2024-01-27,29.3,74,16.6,0.3,Chennai,0.2
2024-01-28,28.9,74,17.0,0.2,Chennai,0.0
2024-01-29,28.7,68,16.9,0.0,Chennai,0.0
2024-01-30,29.8,72,18.8,0.0,Chennai,0.0
2024-01-31,29.4,75,13.8,0.0,Chennai,0.6
2024-02-01,29.2,82,14.4,0.6,Chennai,0.3
2024-02-02,29.9,81,15.0,0.3,Chennai,0.0
2024-02-03,29.8,79,12.6,0.0,Chennai,0.0
2024-02-04,30.0,77,13.4,0.0,Chennai,0.0
2024-02-05,29.8,78,13.6,0.0,Chennai,0.0
2024-02-06,29.8,79,13.7,0.0,Chennai,0.0
2024-02-07,30.3,82,12.8,0.0,Chennai,0.0
2024-02-08,31.0,81,12.3,0.0,Chennai,0.1
2024-02-09,30.1,80,14.4,0.1,Chennai,0.1
2024-02-10,30.9,71,16.2,0.1,Chennai,0.1
2024-02-11,30.0,71,19.2,0.1,Chennai,0.0
2024-02-12,29.6,70,17.2,0.0,Chennai,1.1
2024-02-13,30.2,73,19.6,1.1,Chennai,0.1
2024-02-14,30.5,77,16.8,0.1,Chennai,0.0
2024-02-15,29.8,78,15.8,0.0,Chennai,0.0
2024-02-16,30.5,75,17.4,0.0,Chennai,0.0
2024-02-17,31.1,78,16.1,0.0,Chennai,0.0
2024-02-18,30.6,82,15.1,0.0,Chennai,0.0
2024-02-19,31.7,77,18.4,0.0,Chennai,0.1
2024-02-20,30.9,78,16.8,0.1,Chennai,0.0
2024-02-21,32.2,80,20.8,0.0,Chennai,1.2
2024-02-22,31.9,81,23.8,1.2,Chennai,0.9
2024-02-23,33.4,78,25.6,0.9,Chennai,0.1
2024-02-24,30.8,75,21.4,0.1,Chennai,0.0
2024-02-25,30.7,69,16.2,0.0,Chennai,1.0
2024-02-26,30.9,67,20.5,1.0,Chennai,0.0
2024-02-27,30.9,76,19.5,0.0,Chennai,0.0
2024-02-28,31.5,78,16.3,0.0,Chennai,0.0
2024-02-29,32.0,79,14.2,0.0,Chennai,0.0
2024-03-01,32.0,79,14.8,0.0,Chennai,0.0
2024-03-02,33.0,75,18.0,0.0,Chennai,0.0
2024-03-03,31.6,76,18.6,0.0,Chennai,0.1
2024-03-04,30.8,77,17.2,0.1,Chennai,0.0
2024-03-05,31.3,75,16.4,0.0,Chennai,0.0
2024-03-06,32.7,77,20.8,0.0,Chennai,0.0
2024-03-07,34.1,72,21.7,0.0,Chennai,0.0
2024-03-08,32.1,79,22.0,0.0,Chennai,0.0
2024-03-09,32.8,80,21.3,0.0,Chennai,0.0
2024-03-10,32.7,75,18.1,0.0,Chennai,0.0
2024-03-11,32.7,74,18.3,0.0,Chennai,0.0
2024-03-12,33.4,76,21.8,0.0,Chennai,0.0
2024-03-13,33.8,77,25.8,0.0,Chennai,0.0
2024-03-14,33.6,76,22.0,0.0,Chennai,0.3
2024-03-15,32.6,73,23.3,0.3,Chennai,0.4
2024-03-16,32.2,74,24.2,0.4,Chennai,0.3
2024-03-17,31.9,75,19.9,0.3,Chennai,0.0
2024-03-18,32.8,75,19.9,0.0,Chennai,0.0
2024-03-19,32.5,76,16.9,0.0,Chennai,0.0
2024-03-20,32.2,72,18.7,0.0,Chennai,3.5
2024-03-21,30.4,74,17.4,3.5,Chennai,0.2
2024-03-22,31.9,74,15.2,0.2,Chennai,0.0
2024-03-23,33.1,74,18.2,0.0,Chennai,0.0
2024-03-24,32.6,75,20.6,0.0,Chennai,0.0
2024-03-25,31.9,77,16.5,0.0,Chennai,0.0
2024-03-26,31.9,72,20.5,0.0,Chennai,0.0
2024-03-27,32.8,74,18.2,0.0,Chennai,0.0
2024-03-28,33.7,76,20.2,0.0,Chennai,0.0
2024-03-29,34.1,76,23.1,0.0,Chennai,0.0
2024-03-30,34.7,73,22.3,0.0,Chennai,0.0
2024-03-31,33.6,77,22.3,0.0,Chennai,0.1
2024-04-01,33.7,77,22.3,0.1,Chennai,0.0
2024-04-02,34.8,77,24.9,0.0,Chennai,0.0
2024-04-03,35.1,76,25.9,0.0,Chennai,0.0
2024-04-04,34.9,78,24.3,0.0,Chennai,0.0
2024-04-05,35.0,79,23.4,0.0,Chennai,0.0
2024-04-06,36.5,76,23.8,0.0,Chennai,0.0
2024-04-07,36.9,76,24.0,0.0,Chennai,0.0
2024-04-08,36.2,75,23.3,0.0,Chennai,0.0
2024-04-09,33.3,74,16.9,0.0,Chennai,0.0
2024-04-10,33.7,69,16.1,0.0,Chennai,0.0
2024-04-11,33.4,70,20.0,0.0,Chennai,0.0
2024-04-12,33.3,73,18.8,0.0,Chennai,0.5
2024-04-13,34.0,75,16.3,0.5,Chennai,0.0
2024-04-14,33.5,76,15.6,0.0,Chennai,0.0
2024-04-15,34.2,76,16.3,0.0,Chennai,0.0
2024-04-16,34.8,73,22.7,0.0,Chennai,0.0
2024-04-17,36.2,74,26.9,0.0,Chennai,0.0
2024-04-18,37.0,76,24.1,0.0,Chennai,0.0
2024-04-19,36.1,77,25.9,0.0,Chennai,0.2
2024-04-20,35.8,80,25.5,0.2,Chennai,0.0
2024-04-21,35.5,79,27.5,0.0,Chennai,0.0
2024-04-22,35.6,79,24.2,0.0,Chennai,0.0
2024-04-23,34.7,75,21.4,0.0,Chennai,0.0
2024-04-24,35.6,78,22.2,0.0,Chennai,0.0
2024-04-25,34.8,77,22.8,0.0,Chennai,0.0
2024-04-26,34.6,77,23.5,0.0,Chennai,0.0
2024-04-27,34.7,76,22.8,0.0,Chennai,0.0
2024-04-28,35.6,77,24.0,0.0,Chennai,0.0
2024-04-29,35.5,79,23.4,0.0,Chennai,0.0
2024-04-30,35.7,78,27.6,0.0,Chennai,0.0
2024-05-01,37.8,74,28.0,0.0,Chennai,0.0
2024-05-02,38.3,70,32.8,0.0,Chennai,0.0
2024-05-03,38.5,71,29.8,0.0,Chennai,0.0
2024-05-04,37.4,74,30.0,0.0,Chennai,0.0
2024-05-05,36.4,75,30.2,0.0,Chennai,0.0
2024-05-06,37.1,74,32.6,0.0,Chennai,0.1
2024-05-07,36.9,73,24.8,0.1,Chennai,2.2
2024-05-08,33.5,74,18.9,2.2,Chennai,2.8
2024-05-09,32.9,78,21.4,2.8,Chennai,7.0
2024-05-10,32.7,77,19.6,7.0,Chennai,0.6
2024-05-11,34.2,76,19.9,0.6,Chennai,3.2
2024-05-12,33.4,73,19.3,3.2,Chennai,8.4
2024-05-13,33.1,77,15.6,8.4,Chennai,0.9
2024-05-14,33.7,76,17.1,0.9,Chennai,2.9
2024-05-15,34.0,78,20.1,2.9,Chennai,19.4
2024-05-16,29.6,83,14.9,19.4,Chennai,1.6
2024-05-17,30.6,81,18.9,1.6,Chennai,6.6
2024-05-18,30.6,83,14.9,6.6,Chennai,9.5
2024-05-19,33.1,81,17.6,9.5,Chennai,13.9
2024-05-20,31.3,84,16.6,13.9,Chennai,24.0
2024-05-21,30.6,86,14.5,24.0,Chennai,21.3
2024-05-22,31.3,86,18.6,21.3,Chennai,24.7
2024-05-23,32.5,85,14.1,24.7,Chennai,0.0
2024-05-24,36.1,76,22.6,0.0,Chennai,16.6
2024-05-25,36.1,71,18.8,16.6,Chennai,0.6
2024-05-26,39.1,56,21.6,0.6,Chennai,0.1
2024-05-27,40.9,47,23.5,0.1,Chennai,0.0
2024-05-28,41.0,52,23.2,0.0,Chennai,0.0
2024-05-29,40.7,55,25.2,0.0,Chennai,0.0
2024-05-30,39.3,64,21.0,0.0,Chennai,21.9
2024-05-31,40.2,64,21.1,21.9,Chennai,1.0
2024-06-01,36.8,72,27.0,1.0,Chennai,22.0
2024-06-02,33.5,79,18.7,22.0,Chennai,9.4
2024-06-03,30.7,81,14.4,9.4,Chennai,9.6
2024-06-04,34.5,80,11.2,9.6,Chennai,35.5
2024-06-05,32.5,84,24.6,35.5,Chennai,28.1
2024-06-06,32.2,87,18.9,28.1,Chennai,5.1
2024-06-07,31.0,85,16.2,5.1,Chennai,2.1
2024-06-08,33.7,78,23.4,2.1,Chennai,0.5
2024-06-09,34.8,72,21.3,0.5,Chennai,7.0
2024-06-10,36.5,70,25.9,7.0,Chennai,10.4
2024-06-11,36.2,64,17.4,10.4,Chennai,0.6
2024-06-12,33.8,66,20.5,0.6,Chennai,0.1
2024-06-13,35.4,62,20.2,0.1,Chennai,0.1
2024-06-14,35.9,64,22.7,0.1,Chennai,2.3
2024-06-15,35.5,65,16.4,2.3,Chennai,0.2
2024-06-16,36.3,70,17.3,0.2,Chennai,0.3
2024-06-17,36.4,66,20.6,0.3,Chennai,0.7
2024-06-18,37.0,68,19.1,0.7,Chennai,16.6
2024-06-19,35.3,75,23.2,16.6,Chennai,2.1
2024-06-20,35.6,70,16.2,2.1,Chennai,5.6
2024-06-21,36.0,65,19.1,5.6,Chennai,0.2
2024-06-22,36.3,61,19.6,0.2,Chennai,0.9
2024-06-23,36.5,64,18.9,0.9,Chennai,0.2
2024-06-24,36.1,64,24.3,0.2,Chennai,0.6
2024-06-25,35.2,62,19.8,0.6,Chennai,0.5
2024-06-26,36.5,59,21.1,0.5,Chennai,1.0
2024-06-27,34.9,60,25.9,1.0,Chennai,0.0
2024-06-28,37.1,60,24.2,0.0,Chennai,2.1
2024-06-29,37.8,65,21.1,2.1,Chennai,0.0
2024-06-30,34.4,73,21.6,0.0,Chennai,2.0
2024-07-01,33.9,71,18.4,2.0,Chennai,0.0
2024-07-02,36.0,64,17.9,0.0,Chennai,4.2
2024-07-03,37.5,64,16.9,4.2,Chennai,2.6
2024-07-04,34.8,66,15.2,2.6,Chennai,0.0
2024-07-05,36.1,67,23.8,0.0,Chennai,2.2
2024-07-06,32.2,74,14.5,2.2,Chennai,1.2
2024-07-07,36.1,68,18.0,1.2,Chennai,11.6
2024-07-08,32.7,73,15.8,11.6,Chennai,5.2
2024-07-09,33.9,75,17.6,5.2,Chennai,0.2
2024-07-10,35.5,69,15.9,0.2,Chennai,1.0
2024-07-11,33.3,73,15.5,1.0,Chennai,2.6
2024-07-12,35.7,70,23.4,2.6,Chennai,8.0
2024-07-13,29.6,80,17.3,8.0,Chennai,8.9
2024-07-14,28.5,84,14.6,8.9,Chennai,8.2
2024-07-15,30.2,85,19.5,8.2,Chennai,2.8
2024-07-16,31.3,81,21.8,2.8,Chennai,0.1
2024-07-17,31.4,73,20.9,0.1,Chennai,1.1
2024-07-18,31.9,70,23.4,1.1,Chennai,0.5
2024-07-19,30.1,74,22.6,0.5,Chennai,0.1
2024-07-20,33.0,70,25.5,0.1,Chennai,2.6
2024-07-21,35.6,62,21.9,2.6,Chennai,0.0
2024-07-22,35.2,57,24.9,0.0,Chennai,0.1
2024-07-23,36.6,58,27.4,0.1,Chennai,0.0
2024-07-24,36.7,55,28.9,0.0,Chennai,1.1
2024-07-25,37.8,55,30.3,1.1,Chennai,4.6
2024-07-26,36.5,57,27.8,4.6,Chennai,0.3
2024-07-27,34.8,53,30.4,0.3,Chennai,0.1
2024-07-28,37.1,49,26.6,0.1,Chennai,5.8
2024-07-29,36.7,62,22.1,5.8,Chennai,1.5
2024-07-30,36.0,66,19.5,1.5,Chennai,1.5
2024-07-31,36.0,63,17.3,1.5,Chennai,2.6
2024-08-01,35.8,62,23.5,2.6,Chennai,4.5
2024-08-02,35.7,68,19.8,4.5,Chennai,7.7
2024-08-03,34.8,71,15.8,7.7,Chennai,0.2
2024-08-04,35.3,72,13.8,0.2,Chennai,0.8
2024-08-05,32.0,82,15.0,0.8,Chennai,19.1
2024-08-06,33.1,79,18.4,19.1,Chennai,8.8
2024-08-07,32.3,82,13.0,8.8,Chennai,10.9
2024-08-08,32.0,81,12.6,10.9,Chennai,20.9
2024-08-09,32.8,84,19.2,20.9,Chennai,4.1
2024-08-10,31.8,84,14.3,4.1,Chennai,16.2
2024-08-11,33.5,82,13.8,16.2,Chennai,11.4
2024-08-12,33.6,82,15.3,11.4,Chennai,0.5
2024-08-13,32.1,80,16.7,0.5,Chennai,1.0
2024-08-14,30.9,84,13.5,1.0,Chennai,1.6
2024-08-15,32.0,82,18.7,1.6,Chennai,0.9
2024-08-16,32.0,79,20.6,0.9,Chennai,0.1
2024-08-17,32.5,79,15.0,0.1,Chennai,1.6
2024-08-18,32.8,79,15.0,1.6,Chennai,1.7
2024-08-19,33.1,78,21.4,1.7,Chennai,4.7
2024-08-20,32.1,81,22.3,4.7,Chennai,1.0
2024-08-21,31.9,76,24.0,1.0,Chennai,0.0
2024-08-22,32.8,71,26.2,0.0,Chennai,0.1
2024-08-23,34.1,74,22.7,0.1,Chennai,0.2
2024-08-24,34.6,69,22.8,0.2,Chennai,0.4
2024-08-25,35.2,62,19.4,0.4,Chennai,1.0
2024-08-26,35.2,58,23.3,1.0,Chennai,5.1
2024-08-27,34.1,68,16.2,5.1,Chennai,5.1
2024-08-28,29.2,78,12.4,5.1,Chennai,8.9
2024-08-29,33.8,78,22.6,8.9,Chennai,5.0
2024-08-30,32.2,75,22.4,5.0,Chennai,0.3
2024-08-31,31.6,71,19.4,0.3,Chennai,0.0
2024-09-01,34.4,67,19.8,0.0,Chennai,2.5
2024-09-02,35.1,70,19.4,2.5,Chennai,5.1
2024-09-03,33.3,79,14.5,5.1,Chennai,0.0
2024-09-04,33.7,75,17.2,0.0,Chennai,0.7
2024-09-05,34.7,70,18.8,0.7,Chennai,17.3
2024-09-06,33.7,77,19.3,17.3,Chennai,2.9
2024-09-07,32.6,71,17.6,2.9,Chennai,0.0
2024-09-08,34.0,65,21.5,0.0,Chennai,0.0
2024-09-09,34.2,66,24.4,0.0,Chennai,1.1
2024-09-10,36.2,66,21.6,1.1,Chennai,1.2
2024-09-11,35.1,66,23.5,1.2,Chennai,0.8
2024-09-12,36.4,66,18.8,0.8,Chennai,0.1
2024-09-13,35.9,70,17.4,0.1,Chennai,0.5
2024-09-14,36.0,68,20.0,0.5,Chennai,3.6
2024-09-15,36.5,67,16.8,3.6,Chennai,0.4
2024-09-16,35.8,63,19.2,0.4,Chennai,0.6
2024-09-17,36.3,63,17.1,0.6,Chennai,1.5
2024-09-18,34.8,70,13.8,1.5,Chennai,2.0
2024-09-19,33.9,73,18.3,2.0,Chennai,0.4
2024-09-20,35.9,67,14.7,0.4,Chennai,3.9
2024-09-21,31.0,77,17.0,3.9,Chennai,12.9
2024-09-22,33.6,79,15.7,12.9,Chennai,15.5
2024-09-23,33.0,81,13.3,15.5,Chennai,12.4
2024-09-24,33.4,78,15.5,12.4,Chennai,11.2
2024-09-25,33.9,81,16.3,11.2,Chennai,0.8
2024-09-26,30.5,84,14.7,0.8,Chennai,7.8
2024-09-27,31.4,84,17.3,7.8,Chennai,14.1
2024-09-28,30.8,85,14.6,14.1,Chennai,0.7
2024-09-29,30.8,84,16.3,0.7,Chennai,0.9
2024-09-30,30.1,85,14.3,0.9,Chennai,0.6
2024-10-01,31.6,80,17.3,0.6,Chennai,0.0
2024-10-02,34.4,76,19.2,0.0,Chennai,1.6
2024-10-03,34.0,75,15.0,1.6,Chennai,2.2
2024-10-04,32.8,78,18.3,2.2,Chennai,0.1
2024-10-05,33.5,78,14.5,0.1,Chennai,0.0
2024-10-06,32.2,80,13.3,0.0,Chennai,1.4
2024-10-07,30.0,80,12.3,1.4,Chennai,1.4
2024-10-08,30.3,81,13.2,1.4,Chennai,2.0
2024-10-09,30.0,82,14.9,2.0,Chennai,16.5
2024-10-10,29.8,84,14.8,16.5,Chennai,7.4
2024-10-11,29.8,83,14.2,7.4,Chennai,3.3
2024-10-12,29.6,82,15.8,3.3,Chennai,2.5
2024-10-13,29.9,83,13.8,2.5,Chennai,69.2
2024-10-14,26.7,92,24.2,69.2,Chennai,63.4
2024-10-15,28.2,90,19.5,63.4,Chennai,39.7
2024-10-16,28.6,90,14.5,39.7,Chennai,3.2
2024-10-17,30.3,85,10.5,3.2,Chennai,11.6
2024-10-18,28.8,88,14.1,11.6,Chennai,8.0
2024-10-19,29.3,87,10.8,8.0,Chennai,5.8
2024-10-20,29.9,86,13.5,5.8,Chennai,1.6
2024-10-21,30.1,83,10.9,1.6,Chennai,1.0
2024-10-22,30.3,86,12.6,1.0,Chennai,0.0
2024-10-23,31.5,82,12.9,0.0,Chennai,0.0
2024-10-24,31.2,79,12.7,0.0,Chennai,0.0
2024-10-25,32.7,75,12.9,0.0,Chennai,0.0
2024-10-26,33.5,71,13.1,0.0,Chennai,0.6
2024-10-27,32.3,74,11.2,0.6,Chennai,1.7
2024-10-28,32.2,76,11.8,1.7,Chennai,1.1
2024-10-29,32.1,81,12.7,1.1,Chennai,4.8
2024-10-30,31.5,83,13.1,4.8,Chennai,1.9
2024-10-31,30.1,86,13.9,1.9,Chennai,5.9
2024-11-01,29.2,85,11.8,5.9,Chennai,4.4
2024-11-02,29.2,85,9.9,4.4,Chennai,3.7
2024-11-03,29.6,85,17.3,3.7,Chennai,1.2
2024-11-04,30.1,80,14.2,1.2,Chennai,0.1
2024-11-05,30.5,73,19.1,0.1,Chennai,14.9
2024-11-06,28.7,85,18.8,14.9,Chennai,2.6
2024-11-07,29.6,83,20.7,2.6,Chennai,0.2
2024-11-08,30.4,75,20.1,0.2,Chennai,1.0
2024-11-09,30.4,74,21.8,1.0,Chennai,1.5
2024-11-10,30.3,74,23.2,1.5,Chennai,4.4
2024-11-11,30.2,80,27.2,4.4,Chennai,42.4
2024-11-12,27.5,92,13.1,42.4,Chennai,33.1
2024-11-13,26.9,92,13.5,33.1,Chennai,12.6
2024-11-14,28.9,89,15.4,12.6,Chennai,16.9
2024-11-15,28.1,89,13.5,16.9,Chennai,11.2
2024-11-16,27.7,88,13.9,11.2,Chennai,2.5
2024-11-17,29.5,80,19.3,2.5,Chennai,0.0
2024-11-18,29.2,74,18.6,0.0,Chennai,0.5
2024-11-19,28.7,73,19.4,0.5,Chennai,0.0
2024-11-20,28.9,71,16.8,0.0,Chennai,0.0
2024-11-21,29.0,69,17.3,0.0,Chennai,0.0
2024-11-22,29.2,72,18.2,0.0,Chennai,1.1
2024-11-23,28.9,79,18.0,1.1,Chennai,0.1
2024-11-24,29.6,74,18.1,0.1,Chennai,1.3
2024-11-25,29.6,75,23.0,1.3,Chennai,22.5
2024-11-26,26.8,90,19.6,22.5,Chennai,5.4
2024-11-27,27.7,75,26.8,5.4,Chennai,21.0
2024-11-28,26.4,82,27.5,21.0,Chennai,25.6
2024-11-29,25.1,91,23.3,25.6,Chennai,158.4
2024-11-30,26.5,92,48.7,158.4,Chennai,25.3
2024-12-01,27.8,87,28.6,25.3,Chennai,10.2
2024-12-02,28.9,85,20.4,10.2,Chennai,4.0
2024-12-03,29.4,85,13.9,4.0,Chennai,3.5
2024-12-04,28.8,87,10.7,3.5,Chennai,0.8
2024-12-05,29.1,89,11.5,0.8,Chennai,1.8
2024-12-06,28.0,90,11.4,1.8,Chennai,0.4
2024-12-07,29.2,84,10.8,0.4,Chennai,0.0
2024-12-08,29.4,79,9.8,0.0,Chennai,1.0
2024-12-09,29.2,83,12.2,1.0,Chennai,0.2
2024-12-10,29.3,79,17.9,0.2,Chennai,16.1
2024-12-11,27.2,87,24.9,16.1,Chennai,47.9
2024-12-12,26.0,90,18.8,47.9,Chennai,2.1
2024-12-13,27.9,78,20.1,2.1,Chennai,0.0
2024-12-14,28.4,70,19.5,0.0,Chennai,0.0
2024-12-15,27.5,68,22.4,0.0,Chennai,0.0
2024-12-16,27.0,71,20.4,0.0,Chennai,8.2
2024-12-17,26.3,80,22.9,8.2,Chennai,24.1
2024-12-18,26.3,91,20.5,24.1,Chennai,7.0
2024-12-19,27.3,90,17.4,7.0,Chennai,15.9
2024-12-20,28.8,88,19.1,15.9,Chennai,1.5
2024-12-21,28.6,87,16.0,1.5,Chennai,0.2
2024-12-22,28.4,85,16.2,0.2,Chennai,0.0
2024-12-23,28.6,83,20.0,0.0,Chennai,7.6
2024-12-24,27.9,85,18.4,7.6,Chennai,2.8
2024-12-25,27.5,88,19.2,2.8,Chennai,10.1
2024-12-26,28.2,88,19.7,10.1,Chennai,4.1
2024-12-27,28.5,80,22.2,4.1,Chennai,0.2
2024-12-28,28.3,78,15.0,0.2,Chennai,1.0
2024-12-29,27.9,79,19.6,1.0,Chennai,3.5
2024-12-30,28.0,84,19.9,3.5,Chennai,0.1
2024-12-31,28.2,81,18.7,0.1,Chennai,0.0
2025-01-01,27.9,79,16.7,0.0,Chennai,0.0
2025-01-02,27.9,72,15.9,0.0,Chennai,0.1
2025-01-03,28.3,69,18.4,0.1,Chennai,0.1
2025-01-04,27.7,72,12.9,0.1,Chennai,0.0
2025-01-05,28.3,71,12.2,0.0,Chennai,0.5
2025-01-06,28.6,70,11.1,0.5,Chennai,2.3
2025-01-07,27.3,77,14.7,2.3,Chennai,0.0
2025-01-08,28.1,66,17.9,0.0,Chennai,0.1
2025-01-09,28.5,61,19.3,0.1,Chennai,1.0
2025-01-10,28.4,72,20.2,1.0,Chennai,0.0
2025-01-11,28.5,67,19.5,0.0,Chennai,1.4
2025-01-12,26.8,75,16.7,1.4,Chennai,4.6
2025-01-13,26.9,84,19.2,4.6,Chennai,0.3
2025-01-14,28.2,75,19.8,0.3,Chennai,0.0
2025-01-15,28.9,69,20.8,0.0,Chennai,0.1
2025-01-16,28.3,67,19.3,0.1,Chennai,0.4
2025-01-17,27.4,70,20.1,0.4,Chennai,2.1
2025-01-18,28.2,72,20.5,2.1,Chennai,12.1
2025-01-19,27.4,85,20.0,12.1,Chennai,0.0
2025-01-20,27.6,78,18.0,0.0,Chennai,0.0
2025-01-21,27.8,72,12.1,0.0,Chennai,0.0
2025-01-22,28.4,74,14.8,0.0,Chennai,0.0
2025-01-23,29.0,72,11.8,0.0,Chennai,0.0
2025-01-24,28.5,70,14.1,0.0,Chennai,0.1
2025-01-25,28.7,73,14.5,0.1,Chennai,0.0
2025-01-26,28.6,78,12.0,0.0,Chennai,0.0
2025-01-27,29.3,77,10.8,0.0,Chennai,0.0
2025-01-28,29.4,70,11.4,0.0,Chennai,0.0
2025-01-29,29.0,66,15.8,0.0,Chennai,0.0
2025-01-30,30.8,73,15.2,0.0,Chennai,0.4
2025-01-31,30.1,81,14.1,0.4,Chennai,1.1
2025-02-01,30.5,80,11.4,1.1,Chennai,0.4
2025-02-02,30.8,75,13.5,0.4,Chennai,0.0
2025-02-03,30.9,74,12.4,0.0,Chennai,0.0
2025-02-04,32.0,75,10.9,0.0,Chennai,0.0
2025-02-05,32.0,72,12.2,0.0,Chennai,0.0
2025-02-06,30.7,72,10.6,0.0,Chennai,0.0
2025-02-07,31.0,77,11.6,0.0,Chennai,0.0
2025-02-08,31.6,76,12.2,0.0,Chennai,0.2
2025-02-09,30.4,76,12.3,0.2,Chennai,0.1
2025-02-10,30.3,65,13.0,0.1,Chennai,0.0
2025-02-11,30.9,66,13.3,0.0,Chennai,0.0
2025-02-12,31.6,73,12.2,0.0,Chennai,0.0
2025-02-13,31.8,73,12.2,0.0,Chennai,0.0
2025-02-14,32.3,74,12.4,0.0,Chennai,0.0
2025-02-15,31.3,76,14.4,0.0,Chennai,0.0
2025-02-16,31.7,72,13.4,0.0,Chennai,0.0
2025-02-17,31.2,73,13.0,0.0,Chennai,0.0
2025-02-18,31.0,72,14.1,0.0,Chennai,0.0
2025-02-19,31.1,74,13.5,0.0,Chennai,0.0
2025-02-20,31.1,72,12.6,0.0,Chennai,0.3
2025-02-21,31.1,73,11.9,0.3,Chennai,0.0
2025-02-22,31.4,74,14.5,0.0,Chennai,0.0
2025-02-23,32.4,73,12.7,0.0,Chennai,0.0
2025-02-24,31.0,76,15.7,0.0,Chennai,0.0
2025-02-25,31.3,69,17.1,0.0,Chennai,0.0
2025-02-26,31.6,69,19.1,0.0,Chennai,0.0
2025-02-27,31.2,70,16.7,0.0,Chennai,0.1
2025-02-28,31.1,71,17.8,0.1,Chennai,0.4
2025-03-01,30.8,74,16.3,0.4,Chennai,0.0
2025-03-02,32.2,74,13.0,0.0,Chennai,0.0
2025-03-03,33.0,77,14.9,0.0,Chennai,0.0
2025-03-04,33.2,76,14.0,0.0,Chennai,0.0
2025-03-05,34.5,74,13.5,0.0,Chennai,0.0
2025-03-06,35.2,66,16.6,0.0,Chennai,0.0
2025-03-07,33.1,68,14.1,0.0,Chennai,0.0
2025-03-08,32.9,71,16.1,0.0,Chennai,0.0
2025-03-09,31.2,72,14.9,0.0,Chennai,0.1
2025-03-10,31.5,61,17.4,0.1,Chennai,14.8
2025-03-11,30.0,78,18.6,14.8,Chennai,1.8
2025-03-12,30.1,85,12.1,1.8,Chennai,0.0
2025-03-13,33.3,80,14.8,0.0,Chennai,0.0
2025-03-14,33.4,76,16.2,0.0,Chennai,0.0
2025-03-15,34.0,72,16.7,0.0,Chennai,0.4
2025-03-16,32.9,75,14.4,0.4,Chennai,0.1
2025-03-17,34.0,75,18.2,0.1,Chennai,0.2
2025-03-18,33.1,75,17.2,0.2,Chennai,0.4
2025-03-19,33.4,74,17.0,0.4,Chennai,0.0
2025-03-20,33.6,69,16.3,0.0,Chennai,0.0
2025-03-21,33.2,69,15.6,0.0,Chennai,0.4
2025-03-22,32.7,74,16.8,0.4,Chennai,0.2
2025-03-23,32.9,71,14.4,0.2,Chennai,0.6
2025-03-24,32.0,75,15.4,0.6,Chennai,0.0
2025-03-25,32.6,73,14.8,0.0,Chennai,0.0
2025-03-26,33.2,71,16.2,0.0,Chennai,0.0
2025-03-27,35.9,69,18.2,0.0,Chennai,0.0
2025-03-28,36.3,69,19.2,0.0,Chennai,0.0
2025-03-29,37.1,66,15.8,0.0,Chennai,0.0
2025-03-30,34.2,71,17.2,0.0,Chennai,0.0
2025-03-31,32.7,68,15.2,0.0,Chennai,0.2
2025-04-01,32.8,62,15.5,0.2,Chennai,0.8
2025-04-02,32.9,67,15.5,0.8,Chennai,0.0
2025-04-03,32.4,74,14.9,0.0,Chennai,7.3
2025-04-04,30.3,79,13.2,7.3,Chennai,2.9
2025-04-05,33.2,72,13.5,2.9,Chennai,0.1
2025-04-06,34.3,70,13.8,0.1,Chennai,0.2
2025-04-07,33.9,73,15.7,0.2,Chennai,0.0
2025-04-08,33.6,70,16.3,0.0,Chennai,0.0
2025-04-09,33.9,69,16.6,0.0,Chennai,0.5
2025-04-10,37.4,68,15.3,0.5,Chennai,0.0
2025-04-11,36.0,70,14.6,0.0,Chennai,0.0
2025-04-12,38.8,64,14.8,0.0,Chennai,2.3
2025-04-13,36.2,72,12.5,2.3,Chennai,0.1
2025-04-14,34.5,74,14.3,0.1,Chennai,2.9
2025-04-15,34.4,71,16.9,2.9,Chennai,2.0
2025-04-16,34.1,68,17.8,2.0,Chennai,4.2
2025-04-17,34.3,73,18.2,4.2,Chennai,0.0
2025-04-18,36.2,71,20.2,0.0,Chennai,0.0
2025-04-19,36.7,70,17.0,0.0,Chennai,0.0
2025-04-20,36.7,71,20.6,0.0,Chennai,0.2
2025-04-21,35.1,74,18.0,0.2,Chennai,0.0
2025-04-22,34.7,71,17.9,0.0,Chennai,0.0
2025-04-23,35.5,69,18.6,0.0,Chennai,0.0
2025-04-24,35.2,71,19.3,0.0,Chennai,0.4
2025-04-25,34.6,73,19.6,0.4,Chennai,0.4
2025-04-26,34.2,72,19.8,0.4,Chennai,0.2
2025-04-27,34.3,70,17.6,0.2,Chennai,0.3
2025-04-28,33.7,68,16.5,0.3,Chennai,0.5
2025-04-29,33.3,70,18.4,0.5,Chennai,0.0
2025-04-30,35.6,69,17.4,0.0,Chennai,1.2
2025-05-01,36.8,68,18.2,1.2,Chennai,0.4
2025-05-02,35.6,70,18.3,0.4,Chennai,0.5
2025-05-03,37.5,68,19.1,0.5,Chennai,1.0
2025-05-04,38.1,69,16.0,1.0,Chennai,0.0
2025-05-05,34.6,71,18.1,0.0,Chennai,0.0
2025-05-06,37.6,73,17.2,0.0,Chennai,0.6
2025-05-07,36.2,68,15.9,0.6,Chennai,9.6
2025-05-08,36.9,68,14.4,9.6,Chennai,0.2
2025-05-09,36.5,67,15.3,0.2,Chennai,1.4
2025-05-10,37.0,67,15.8,1.4,Chennai,0.1
2025-05-11,36.9,69,14.1,0.1,Chennai,0.1
2025-05-12,39.0,63,14.7,0.1,Chennai,0.0
2025-05-13,38.6,61,16.2,0.0,Chennai,0.0
2025-05-14,36.9,70,15.9,0.0,Chennai,0.5
2025-05-15,36.5,67,14.2,0.5,Chennai,2.9
2025-05-16,36.2,72,16.3,2.9,Chennai,2.4
2025-05-17,33.4,74,13.3,2.4,Chennai,12.4
2025-05-18,33.3,75,14.1,12.4,Chennai,21.1
2025-05-19,31.6,88,10.0,21.1,Chennai,2.7
2025-05-20,31.6,86,12.0,2.7,Chennai,0.8
2025-05-21,33.9,77,10.9,0.8,Chennai,0.3
2025-05-22,34.1,66,14.5,0.3,Chennai,6.1
2025-05-23,35.2,73,17.5,6.1,Chennai,0.2
2025-05-24,35.9,66,17.1,0.2,Chennai,0.0
2025-05-25,36.9,60,16.9,0.0,Chennai,0.5
2025-05-26,34.0,63,22.2,0.5,Chennai,0.0
2025-05-27,36.4,56,25.5,0.0,Chennai,3.6
2025-05-28,37.4,57,24.5,3.6,Chennai,2.1
2025-05-29,37.8,53,26.6,2.1,Chennai,9.6
2025-05-30,36.0,67,17.2,9.6,Chennai,0.0
2025-05-31,36.2,72,13.9,0.0,Chennai,0.0
2025-06-01,37.4,69,16.5,0.0,Chennai,0.3
2025-06-02,36.2,64,17.1,0.3,Chennai,1.4
2025-06-03,38.3,58,18.5,1.4,Chennai,2.3
2025-06-04,37.8,62,15.8,2.3,Chennai,0.3
2025-06-05,37.3,64,15.8,0.3,Chennai,1.6
2025-06-06,37.9,66,13.8,1.6,Chennai,1.0
2025-06-07,38.1,59,13.9,1.0,Chennai,2.3
2025-06-08,38.0,60,12.2,2.3,Chennai,6.2
2025-06-09,37.2,65,14.1,6.2,Chennai,0.3
2025-06-10,37.0,67,15.3,0.3,Chennai,7.8
2025-06-11,36.0,70,16.4,7.8,Chennai,3.0
2025-06-12,35.9,72,19.7,3.0,Chennai,3.6
2025-06-13,35.7,70,16.3,3.6,Chennai,2.5
2025-06-14,35.3,69,17.3,2.5,Chennai,0.0
2025-06-15,34.6,65,19.3,0.0,Chennai,0.0
2025-06-16,34.6,57,24.6,0.0,Chennai,0.2
2025-06-17,37.1,53,18.7,0.2,Chennai,0.3
2025-06-18,37.6,58,20.0,0.3,Chennai,0.5
2025-06-19,37.4,59,19.2,0.5,Chennai,0.6
2025-06-20,38.8,57,17.7,0.6,Chennai,0.5
2025-06-21,37.9,60,14.5,0.5,Chennai,1.6
2025-06-22,37.0,63,15.8,1.6,Chennai,0.0
2025-06-23,34.1,62,18.0,0.0,Chennai,0.1
2025-06-24,36.9,52,23.8,0.1,Chennai,0.5
2025-06-25,35.8,56,21.2,0.5,Chennai,0.5
2025-06-26,36.0,59,18.4,0.5,Chennai,0.3
2025-06-27,37.5,56,16.1,0.3,Chennai,0.5
2025-06-28,37.4,56,15.2,0.5,Chennai,0.9
2025-06-29,39.7,51,18.2,0.9,Chennai,0.3
2025-06-30,37.9,56,18.0,0.3,Chennai,1.1
2025-07-01,37.2,58,14.9,1.1,Chennai,1.3
2025-07-02,36.9,62,15.4,1.3,Chennai,0.0
2025-07-03,33.0,64,15.0,0.0,Chennai,0.1
2025-07-04,38.2,54,16.5,0.1,Chennai,2.7
2025-07-05,37.3,55,17.1,2.7,Chennai,2.2
2025-07-06,37.9,50,21.2,2.2,Chennai,0.1
2025-07-07,38.4,47,20.9,0.1,Chennai,1.3
2025-07-08,40.0,52,22.1,1.3,Chennai,2.5
2025-07-09,37.5,58,12.7,2.5,Chennai,1.2
2025-07-10,36.5,60,18.4,1.2,Chennai,5.9
2025-07-11,37.6,60,15.6,5.9,Chennai,22.1
2025-07-12,37.7,67,20.9,22.1,Chennai,0.8
2025-07-13,35.1,69,13.2,0.8,Chennai,5.2
2025-07-14,35.5,68,19.7,5.2,Chennai,1.8
2025-07-15,37.2,64,14.3,1.8,Chennai,16.2
2025-07-16,36.9,63,16.1,16.2,Chennai,4.4
2025-07-17,34.5,77,16.6,4.4,Chennai,9.2
2025-07-18,31.6,80,14.6,9.2,Chennai,7.0
2025-07-19,31.1,82,16.3,7.0,Chennai,0.2
2025-07-20,32.6,71,14.4,0.2,Chennai,2.5
2025-07-21,30.0,79,12.1,2.5,Chennai,1.1
2025-07-22,32.0,70,19.5,1.1,Chennai,3.8
2025-07-23,29.6,77,18.2,3.8,Chennai,2.6
2025-07-24,31.3,77,18.2,2.6,Chennai,1.3
2025-07-25,31.8,71,20.4,1.3,Chennai,1.1
2025-07-26,34.3,64,19.6,1.1,Chennai,0.1
2025-07-27,34.9,63,24.0,0.1,Chennai,0.0
2025-07-28,35.9,56,20.6,0.0,Chennai,0.0
2025-07-29,37.3,51,22.1,0.0,Chennai,0.5
2025-07-30,37.3,59,15.4,0.5,Chennai,2.0
2025-07-31,36.2,64,12.3,2.0,Chennai,0.3
2025-08-01,35.1,67,14.3,0.3,Chennai,0.3
2025-08-02,35.8,67,17.0,0.3,Chennai,3.8
2025-08-03,34.8,72,14.7,3.8,Chennai,21.3
2025-08-04,33.4,78,12.4,21.3,Chennai,4.0
2025-08-05,32.9,79,12.9,4.0,Chennai,2.1
2025-08-06,33.7,77,11.3,2.1,Chennai,8.7
2025-08-07,33.0,80,13.5,8.7,Chennai,23.1
2025-08-08,31.4,85,13.8,23.1,Chennai,8.0
2025-08-09,31.0,83,12.8,8.0,Chennai,9.6
2025-08-10,33.5,79,13.1,9.6,Chennai,10.0
2025-08-11,33.1,75,14.1,10.0,Chennai,31.6
2025-08-12,30.2,80,14.0,31.6,Chennai,2.0
2025-08-13,29.1,79,15.4,2.0,Chennai,3.5
2025-08-14,32.8,75,15.4,3.5,Chennai,2.2
2025-08-15,32.7,71,16.5,2.2,Chennai,3.2
2025-08-16,30.6,79,14.0,3.2,Chennai,12.1
2025-08-17,29.6,84,15.4,12.1,Chennai,3.0
2025-08-18,30.3,80,16.3,3.0,Chennai,0.5
2025-08-19,31.1,70,15.2,0.5,Chennai,0.0
2025-08-20,33.8,68,16.3,0.0,Chennai,0.1
2025-08-21,33.8,68,12.4,0.1,Chennai,6.4
2025-08-22,33.9,75,16.7,6.4,Chennai,25.8
2025-08-23,30.3,85,21.5,25.8,Chennai,0.2
2025-08-24,34.0,75,11.6,0.2,Chennai,0.0
2025-08-25,34.5,71,12.2,0.0,Chennai,0.0
2025-08-26,34.2,64,14.8,0.0,Chennai,23.0
2025-08-27,33.8,69,15.9,23.0,Chennai,13.4
2025-08-28,34.5,72,14.7,13.4,Chennai,0.9
2025-08-29,34.9,68,15.8,0.9,Chennai,22.2
2025-08-30,36.8,65,14.5,22.2,Chennai,11.2
2025-08-31,34.6,76,15.9,11.2,Chennai,4.2
2025-09-01,31.4,79,15.1,4.2,Chennai,10.4
2025-09-02,36.0,64,17.0,10.4,Chennai,12.9
2025-09-03,35.8,72,21.3,12.9,Chennai,3.0
2025-09-04,35.9,64,20.1,3.0,Chennai,0.7
2025-09-05,36.8,64,16.4,0.7,Chennai,0.5
2025-09-06,34.4,71,11.9,0.5,Chennai,1.7
2025-09-07,35.4,66,12.7,1.7,Chennai,2.5
2025-09-08,35.1,68,14.0,2.5,Chennai,1.6
2025-09-09,35.2,69,11.6,1.6,Chennai,4.0
2025-09-10,36.2,69,13.5,4.0,Chennai,8.6
2025-09-11,33.2,74,16.9,8.6,Chennai,0.6
2025-09-12,34.3,73,11.5,0.6,Chennai,0.7
2025-09-13,32.9,77,16.1,0.7,Chennai,31.6
2025-09-14,31.7,83,12.1,31.6,Chennai,5.1
2025-09-15,33.9,77,13.5,5.1,Chennai,17.3
2025-09-16,32.2,84,12.7,17.3,Chennai,15.9
2025-09-17,31.3,84,12.3,15.9,Chennai,6.2
2025-09-18,32.4,82,12.8,6.2,Chennai,3.0
2025-09-19,30.4,81,14.3,3.0,Chennai,5.5
2025-09-20,31.1,81,15.5,5.5,Chennai,0.7
2025-09-21,31.2,81,10.8,0.7,Chennai,3.4
2025-09-22,32.4,80,13.9,3.4,Chennai,5.4
2025-09-23,32.0,78,16.9,5.4,Chennai,3.5
2025-09-24,32.8,67,19.3,3.5,Chennai,0.2
2025-09-25,33.8,70,16.7,0.2,Chennai,0.1
2025-09-26,33.3,72,19.2,0.1,Chennai,12.0
2025-09-27,33.8,68,20.8,12.0,Chennai,23.6
2025-09-28,33.7,70,14.7,23.6,Chennai,4.2
2025-09-29,33.3,74,14.9,4.2,Chennai,0.0
2025-09-30,31.0,71,14.2,0.0,Chennai,0.3
2025-10-01,31.9,72,13.4,0.3,Chennai,0.2
2025-10-02,32.8,73,13.6,0.2,Chennai,0.6
2025-10-03,33.1,79,14.2,0.6,Chennai,7.1
2025-10-04,31.6,77,21.0,7.1,Chennai,12.4
2025-10-05,33.0,77,12.9,12.4,Chennai,10.7
2025-10-06,32.7,81,12.2,10.7,Chennai,7.8
2025-10-07,31.4,85,8.6,7.8,Chennai,1.4
2025-10-08,31.7,81,12.1,1.4,Chennai,10.3
2025-10-09,31.6,81,10.4,10.3,Chennai,0.4
2025-10-10,30.4,83,11.5,0.4,Chennai,2.6
2025-10-11,31.2,81,14.4,2.6,Chennai,1.8
2025-10-12,30.7,82,11.2,1.8,Chennai,10.2
2025-10-13,31.8,81,12.9,10.2,Chennai,9.9
2025-10-14,30.9,81,12.7,9.9,Chennai,35.3
2025-10-15,28.2,88,18.0,35.3,Chennai,20.7
2025-10-16,29.2,89,14.7,20.7,Chennai,13.7
2025-10-17,28.3,89,13.5,13.7,Chennai,27.5
2025-10-18,27.4,91,8.4,27.5,Chennai,7.8
2025-10-19,28.7,87,9.2,7.8,Chennai,23.2
2025-10-20,28.2,88,13.9,23.2,Chennai,28.9
2025-10-21,26.6,90,18.0,28.9,Chennai,38.5
2025-10-22,29.0,86,21.5,38.5,Chennai,17.1
2025-10-23,29.8,89,11.2,17.1,Chennai,6.2
2025-10-24,27.2,91,9.7,6.2,Chennai,18.4
2025-10-25,28.2,90,11.3,18.4,Chennai,0.9
2025-10-26,29.9,88,10.6,0.9,Chennai,44.9
2025-10-27,26.4,92,26.7,44.9,Chennai,51.4
2025-10-28,25.9,89,30.7,51.4,Chennai,0.0
2025-10-29,32.4,78,17.9,0.0,Chennai,0.1
2025-10-30,32.8,80,12.1,0.1,Chennai,0.0
2025-10-31,33.2,80,12.1,0.0,Chennai,0.6
2025-11-01,31.9,85,11.6,0.6,Chennai,5.0
2025-11-02,32.0,83,12.4,5.0,Chennai,8.0
2025-11-03,32.5,82,20.7,8.0,Chennai,18.5
2025-11-04,31.9,80,12.1,18.5,Chennai,3.1
2025-11-05,31.2,83,12.2,3.1,Chennai,0.9
2025-11-06,29.9,81,8.5,0.9,Chennai,4.5
2025-11-07,31.0,77,11.3,4.5,Chennai,0.9
2025-11-08,31.9,69,16.1,0.9,Chennai,0.4
2025-11-09,30.8,69,16.3,0.4,Chennai,1.1
2025-11-10,30.5,72,15.4,1.1,Chennai,1.3
2025-11-11,31.4,74,15.6,1.3,Chennai,0.2
2025-11-12,30.8,70,17.4,0.2,Chennai,0.7
2025-11-13,29.5,73,17.3,0.7,Chennai,0.0
2025-11-14,30.0,56,21.1,0.0,Chennai,0.2
2025-11-15,30.7,67,19.7,0.2,Chennai,0.7
2025-11-16,28.6,73,24.2,0.7,Chennai,27.5
2025-11-17,26.8,87,23.4,27.5,Chennai,11.5
2025-11-18,27.6,87,16.4,11.5,Chennai,0.7
2025-11-19,29.0,79,20.4,0.7,Chennai,0.3
2025-11-20,28.2,76,19.5,0.3,Chennai,6.8
2025-11-21,28.8,87,15.8,6.8,Chennai,11.5
2025-11-22,29.1,87,20.4,11.5,Chennai,11.8
2025-11-23,28.7,88,16.2,11.8,Chennai,4.4
2025-11-24,28.3,82,18.4,4.4,Chennai,0.8
2025-11-25,28.2,74,20.0,0.8,Chennai,0.5
2025-11-26,28.2,73,19.1,0.5,Chennai,0.0
2025-11-27,28.2,67,24.3,0.0,Chennai,0.6
2025-11-28,28.2,66,23.2,0.6,Chennai,22.3
2025-11-29,27.8,79,28.7,22.3,Chennai,73.1
2025-11-30,25.9,89,29.4,73.1,Chennai,90.0
2025-12-01,25.4,94,36.4,90.0,Chennai,142.3
2025-12-02,25.1,95,27.9,142.3,Chennai,72.7
2025-12-03,26.3,93,19.6,72.7,Chennai,17.5
2025-12-04,27.5,91,14.4,17.5,Chennai,1.0
2025-12-05,28.5,78,22.4,1.0,Chennai,1.0
2025-12-06,28.6,76,18.7,1.0,Chennai,1.3
2025-12-07,27.5,77,20.8,1.3,Chennai,0.2
2025-12-08,27.3,76,19.3,0.2,Chennai,0.5
2025-12-09,28.2,77,20.2,0.5,Chennai,0.0
2025-12-10,27.3,74,20.6,0.0,Chennai,0.0
2025-12-11,28.1,70,20.8,0.0,Chennai,0.0
2025-12-12,27.3,69,19.5,0.0,Chennai,0.0
2025-12-13,27.6,70,15.9,0.0,Chennai,0.0
2025-12-14,28.1,61,16.5,0.0,Chennai,0.0
2025-12-15,28.4,64,18.5,0.0,Chennai,4.3
2025-12-16,27.3,79,19.3,4.3,Chennai,1.9
2025-12-17,28.3,80,21.0,1.9,Chennai,0.4
2025-12-18,28.0,71,17.3,0.4,Chennai,0.0
2025-12-19,28.7,64,12.9,0.0,Chennai,0.1
2025-12-20,29.0,64,12.0,0.1,Chennai,0.2
2025-12-21,29.1,65,15.2,0.2,Chennai,0.0
2025-12-22,29.1,59,16.8,0.0,Chennai,0.0
2025-12-23,28.7,65,15.6,0.0,Chennai,0.1
2025-12-24,28.8,65,14.1,0.1,Chennai,0.7
2025-12-25,27.5,74,16.4,0.7,Chennai,0.0
2025-12-26,28.2,66,18.9,0.0,Chennai,0.1
2025-12-27,28.9,62,18.1,0.1,Chennai,0.0
2025-12-28,28.5,64,16.7,0.0,Chennai,0.0
2025-12-29,28.0,65,16.8,0.0,Chennai,0.0
2025-12-30,28.8,71,15.4,0.0,Chennai,3.0
2024-01-01,25.1,79,10.8,0.0,Kolkata,0.0
2024-01-02,23.5,77,9.8,0.0,Kolkata,0.0
2024-01-03,24.5,79,9.8,0.0,Kolkata,0.0
2024-01-04,25.4,79,9.2,0.0,Kolkata,0.0
2024-01-05,25.8,74,8.8,0.0,Kolkata,0.0
2024-01-06,26.7,73,10.9,0.0,Kolkata,0.0
2024-01-07,26.2,76,10.5,0.0,Kolkata,0.0
2024-01-08,25.9,80,12.7,0.0,Kolkata,0.0
2024-01-09,25.4,78,10.1,0.0,Kolkata,0.0
2024-01-10,26.1,77,7.9,0.0,Kolkata,0.0
2024-01-11,25.2,77,11.8,0.0,Kolkata,0.0
2024-01-12,23.2,75,14.8,0.0,Kolkata,0.0
2024-01-13,22.7,75,11.2,0.0,Kolkata,0.0
2024-01-14,22.4,77,9.6,0.0,Kolkata,0.0
2024-01-15,22.2,81,9.7,0.0,Kolkata,0.0
2024-01-16,22.7,77,9.4,0.0,Kolkata,0.0
2024-01-17,24.0,79,10.1,0.0,Kolkata,15.9
2024-01-18,19.6,90,12.6,15.9,Kolkata,0.1
2024-01-19,23.2,85,9.9,0.1,Kolkata,0.0
2024-01-20,22.9,80,7.6,0.0,Kolkata,0.6
2024-01-21,20.5,85,8.7,0.6,Kolkata,0.0
2024-01-22,21.6,80,11.5,0.0,Kolkata,0.0
2024-01-23,22.8,77,10.1,0.0,Kolkata,8.8
2024-01-24,21.5,80,9.1,8.8,Kolkata,0.0
2024-01-25,22.7,83,7.9,0.0,Kolkata,0.0
2024-01-26,23.1,73,12.7,0.0,Kolkata,0.0
2024-01-27,23.0,72,12.4,0.0,Kolkata,0.0
2024-01-28,23.6,74,10.1,0.0,Kolkata,0.0
2024-01-29,24.8,74,8.8,0.0,Kolkata,1.2
2024-01-30,26.8,82,11.8,1.2,Kolkata,17.7
2024-01-31,25.6,88,12.4,17.7,Kolkata,7.5
2024-02-01,25.1,91,10.5,7.5,Kolkata,1.2
2024-02-02,26.7,84,9.4,1.2,Kolkata,0.0
2024-02-03,26.0,73,12.0,0.0,Kolkata,0.0
2024-02-04,26.6,72,10.7,0.0,Kolkata,0.0
2024-02-05,27.2,78,9.3,0.0,Kolkata,1.4
2024-02-06,28.3,87,12.2,1.4,Kolkata,0.0
2024-02-07,26.0,78,13.0,0.0,Kolkata,0.0
2024-02-08,24.8,62,11.3,0.0,Kolkata,0.0
2024-02-09,23.4,64,13.1,0.0,Kolkata,0.0
2024-02-10,24.8,66,12.6,0.0,Kolkata,0.0
2024-02-11,26.9,65,11.2,0.0,Kolkata,0.0
2024-02-12,27.7,65,9.2,0.0,Kolkata,0.0
2024-02-13,29.2,71,8.8,0.0,Kolkata,0.0
2024-02-14,28.6,74,8.4,0.0,Kolkata,0.0
2024-02-15,28.1,77,22.9,0.0,Kolkata,0.0
2024-02-16,28.9,75,11.0,0.0,Kolkata,0.0
2024-02-17,28.1,73,10.0,0.0,Kolkata,0.3
2024-02-18,29.4,74,9.4,0.3,Kolkata,0.3
2024-02-19,30.1,82,12.1,0.3,Kolkata,0.9
2024-02-20,31.7,82,15.7,0.9,Kolkata,0.0
2024-02-21,32.9,76,10.8,0.0,Kolkata,3.5
2024-02-22,30.0,83,14.0,3.5,Kolkata,0.2
2024-02-23,28.8,75,17.3,0.2,Kolkata,0.0
2024-02-24,28.0,71,15.0,0.0,Kolkata,3.6
2024-02-25,24.9,69,18.9,3.6,Kolkata,0.0
2024-02-26,28.5,65,11.4,0.0,Kolkata,0.0
2024-02-27,29.0,64,7.7,0.0,Kolkata,0.1
2024-02-28,29.4,72,11.7,0.1,Kolkata,0.0
2024-02-29,30.0,66,9.4,0.0,Kolkata,0.0
2024-03-01,30.4,66,10.9,0.0,Kolkata,0.0
2024-03-02,30.8,67,6.9,0.0,Kolkata,0.3
2024-03-03,31.5,75,7.5,0.3,Kolkata,1.1
2024-03-04,31.4,69,16.3,1.1,Kolkata,0.0
2024-03-05,31.3,72,11.6,0.0,Kolkata,0.0
2024-03-06,29.7,64,12.1,0.0,Kolkata,0.1
2024-03-07,28.8,63,10.6,0.1,Kolkata,0.0
2024-03-08,30.6,54,12.6,0.0,Kolkata,0.0
2024-03-09,30.2,55,12.0,0.0,Kolkata,0.0
2024-03-10,30.2,56,10.5,0.0,Kolkata,0.0
2024-03-11,31.8,57,11.4,0.0,Kolkata,0.0
2024-03-12,33.4,76,15.3,0.0,Kolkata,3.5
2024-03-13,33.6,74,21.2,3.5,Kolkata,5.7
2024-03-14,32.1,85,28.3,5.7,Kolkata,4.3
2024-03-15,33.4,80,24.5,4.3,Kolkata,0.6
2024-03-16,32.1,82,15.1,0.6,Kolkata,0.0
2024-03-17,31.7,81,9.4,0.0,Kolkata,11.7
2024-03-18,29.5,84,15.5,11.7,Kolkata,2.3
2024-03-19,30.3,79,27.3,2.3,Kolkata,13.2
2024-03-20,23.6,90,10.6,13.2,Kolkata,3.3
2024-03-21,26.3,87,8.1,3.3,Kolkata,0.0
2024-03-22,28.2,80,8.0,0.0,Kolkata,3.8
2024-03-23,32.1,80,21.7,3.8,Kolkata,0.0
2024-03-24,34.0,81,18.2,0.0,Kolkata,0.8
2024-03-25,33.1,84,16.9,0.8,Kolkata,0.2
2024-03-26,32.5,81,11.1,0.2,Kolkata,2.4
2024-03-27,35.2,79,18.0,2.4,Kolkata,0.1
2024-03-28,34.5,79,16.5,0.1,Kolkata,0.8
2024-03-29,35.2,82,15.8,0.8,Kolkata,0.2
2024-03-30,36.1,77,21.8,0.2,Kolkata,7.3
2024-03-31,35.4,80,20.1,7.3,Kolkata,0.0
2024-04-01,37.0,61,15.0,0.0,Kolkata,0.0
2024-04-02,36.3,67,13.3,0.0,Kolkata,0.0
2024-04-03,36.8,73,17.0,0.0,Kolkata,15.6
2024-04-04,36.7,82,21.4,15.6,Kolkata,0.0
2024-04-05,38.3,76,17.5,0.0,Kolkata,3.3
2024-04-06,37.7,79,20.6,3.3,Kolkata,2.5
2024-04-07,36.3,73,19.6,2.5,Kolkata,0.1
2024-04-08,32.0,70,21.4,0.1,Kolkata,0.0
2024-04-09,34.7,62,12.0,0.0,Kolkata,0.0
2024-04-10,35.7,62,12.7,0.0,Kolkata,0.8
2024-04-11,32.8,73,17.3,0.8,Kolkata,0.0
2024-04-12,34.9,61,9.0,0.0,Kolkata,0.0
2024-04-13,36.6,62,9.0,0.0,Kolkata,0.0
2024-04-14,36.6,61,9.7,0.0,Kolkata,0.0
2024-04-15,38.5,64,14.2,0.0,Kolkata,0.0
2024-04-16,38.9,58,14.9,0.0,Kolkata,0.0
2024-04-17,38.7,59,10.8,0.0,Kolkata,0.0
2024-04-18,38.7,49,13.9,0.0,Kolkata,0.0
2024-04-19,40.8,54,22.4,0.0,Kolkata,0.0
2024-04-20,41.7,62,22.4,0.0,Kolkata,0.0
2024-04-21,41.2,61,22.1,0.0,Kolkata,0.0
2024-04-22,40.0,52,15.0,0.0,Kolkata,0.0
2024-04-23,38.7,45,16.2,0.0,Kolkata,0.0
2024-04-24,39.9,49,16.2,0.0,Kolkata,0.0
2024-04-25,40.4,51,16.1,0.0,Kolkata,0.0
2024-04-26,41.0,67,20.2,0.0,Kolkata,0.0
2024-04-27,40.8,62,17.7,0.0,Kolkata,1.6
2024-04-28,40.4,58,17.6,1.6,Kolkata,0.0
2024-04-29,41.6,51,21.0,0.0,Kolkata,0.0
2024-04-30,43.9,51,25.7,0.0,Kolkata,0.0
2024-05-01,41.6,45,21.1,0.0,Kolkata,0.3
2024-05-02,41.7,63,21.6,0.3,Kolkata,0.0
2024-05-03,40.0,60,16.5,0.0,Kolkata,0.0
2024-05-04,39.1,69,22.2,0.0,Kolkata,0.0
2024-05-05,37.2,71,25.6,0.0,Kolkata,38.8
2024-05-06,36.6,79,33.8,38.8,Kolkata,0.4
2024-05-07,34.2,76,24.5,0.4,Kolkata,2.2
2024-05-08,30.4,83,17.1,2.2,Kolkata,5.6
2024-05-09,30.7,86,17.1,5.6,Kolkata,12.3
2024-05-10,31.1,85,17.3,12.3,Kolkata,12.4
2024-05-11,31.2,85,18.2,12.4,Kolkata,6.9
2024-05-12,32.8,83,20.3,6.9,Kolkata,0.0
2024-05-13,33.6,78,14.1,0.0,Kolkata,8.4
2024-05-14,34.2,82,14.8,8.4,Kolkata,0.0
2024-05-15,35.1,75,12.8,0.0,Kolkata,0.0
2024-05-16,36.0,75,14.3,0.0,Kolkata,0.1
2024-05-17,37.7,72,19.7,0.1,Kolkata,0.0
2024-05-18,37.2,72,17.2,0.0,Kolkata,0.0
2024-05-19,34.9,74,14.8,0.0,Kolkata,19.3
2024-05-20,34.0,84,15.5,19.3,Kolkata,10.1
2024-05-21,34.1,84,14.8,10.1,Kolkata,1.9
2024-05-22,34.3,79,14.3,1.9,Kolkata,1.0
2024-05-23,34.7,77,22.4,1.0,Kolkata,0.0
2024-05-24,35.4,74,18.0,0.0,Kolkata,0.5
2024-05-25,35.6,75,16.3,0.5,Kolkata,33.2
2024-05-26,30.6,87,42.6,33.2,Kolkata,80.5
2024-05-27,27.8,90,44.0,80.5,Kolkata,0.5
2024-05-28,36.0,81,22.0,0.5,Kolkata,0.0
2024-05-29,35.3,82,31.0,0.0,Kolkata,0.0
2024-05-30,34.8,80,29.0,0.0,Kolkata,0.0
2024-05-31,34.1,82,26.1,0.0,Kolkata,0.7
2024-06-01,34.6,83,23.5,0.7,Kolkata,5.9
2024-06-02,33.9,81,21.0,5.9,Kolkata,0.0
2024-06-03,34.8,78,19.7,0.0,Kolkata,0.0
2024-06-04,35.4,78,20.5,0.0,Kolkata,0.7
2024-06-05,36.0,80,20.8,0.7,Kolkata,1.4
2024-06-06,37.0,83,19.7,1.4,Kolkata,0.0
2024-06-07,36.6,79,22.4,0.0,Kolkata,0.0
2024-06-08,35.3,78,21.6,0.0,Kolkata,0.0
2024-06-09,36.5,79,16.7,0.0,Kolkata,0.0
2024-06-10,36.3,76,17.5,0.0,Kolkata,0.0
2024-06-11,36.3,77,19.1,0.0,Kolkata,0.0
2024-06-12,34.8,76,19.9,0.0,Kolkata,0.2
2024-06-13,35.6,76,23.5,0.2,Kolkata,0.0
2024-06-14,37.5,76,19.5,0.0,Kolkata,6.6
2024-06-15,37.1,76,21.7,6.6,Kolkata,0.0
2024-06-16,36.6,74,19.6,0.0,Kolkata,0.0
2024-06-17,37.4,74,29.9,0.0,Kolkata,19.4
2024-06-18,32.2,83,21.9,19.4,Kolkata,2.9
2024-06-19,34.8,83,23.6,2.9,Kolkata,24.9
2024-06-20,35.0,85,19.1,24.9,Kolkata,1.9
2024-06-21,31.8,86,12.0,1.9,Kolkata,9.7
2024-06-22,32.9,83,15.2,9.7,Kolkata,3.7
2024-06-23,33.4,83,16.8,3.7,Kolkata,0.3
2024-06-24,33.4,79,18.4,0.3,Kolkata,0.4
2024-06-25,33.8,77,18.3,0.4,Kolkata,2.5
2024-06-26,33.9,79,15.0,2.5,Kolkata,14.6
2024-06-27,32.8,85,15.7,14.6,Kolkata,14.3
2024-06-28,32.4,86,13.9,14.3,Kolkata,4.9
2024-06-29,31.6,87,16.1,4.9,Kolkata,20.6
2024-06-30,31.6,89,16.6,20.6,Kolkata,20.7
2024-07-01,32.2,88,19.3,20.7,Kolkata,30.5
2024-07-02,30.1,91,16.9,30.5,Kolkata,13.0
2024-07-03,28.9,90,18.6,13.0,Kolkata,15.7
2024-07-04,31.5,88,16.6,15.7,Kolkata,24.5
2024-07-05,32.5,84,22.7,24.5,Kolkata,4.8
2024-07-06,32.3,84,19.3,4.8,Kolkata,7.0
2024-07-07,32.4,84,16.0,7.0,Kolkata,1.3
2024-07-08,32.5,81,15.8,1.3,Kolkata,5.4
2024-07-09,32.2,82,17.1,5.4,Kolkata,1.0
2024-07-10,32.5,80,21.3,1.0,Kolkata,11.9
2024-07-11,32.8,83,20.0,11.9,Kolkata,18.2
2024-07-12,32.5,88,15.6,18.2,Kolkata,9.8
2024-07-13,31.9,85,17.2,9.8,Kolkata,4.3
2024-07-14,32.2,84,16.1,4.3,Kolkata,1.9
2024-07-15,32.1,82,23.3,1.9,Kolkata,1.1
2024-07-16,31.9,82,14.5,1.1,Kolkata,5.1
2024-07-17,33.2,84,16.1,5.1,Kolkata,1.2
2024-07-18,33.5,80,23.1,1.2,Kolkata,3.0
2024-07-19,32.0,81,23.8,3.0,Kolkata,1.7
2024-07-20,32.9,80,25.2,1.7,Kolkata,10.1
2024-07-21,31.4,82,24.0,10.1,Kolkata,8.0
2024-07-22,31.8,83,18.8,8.0,Kolkata,19.5
2024-07-23,31.8,87,15.6,19.5,Kolkata,17.2
2024-07-24,32.1,86,13.4,17.2,Kolkata,12.5
2024-07-25,31.7,88,13.8,12.5,Kolkata,21.8
2024-07-26,30.3,88,20.2,21.8,Kolkata,5.7
2024-07-27,31.6,86,21.5,5.7,Kolkata,8.0
2024-07-28,32.0,87,12.8,8.0,Kolkata,24.4
2024-07-29,31.2,88,13.3,24.4,Kolkata,5.1
2024-07-30,33.0,84,17.8,5.1,Kolkata,31.2
2024-07-31,31.5,89,12.2,31.2,Kolkata,31.7
2024-08-01,28.0,92,23.9,31.7,Kolkata,29.9
2024-08-02,30.4,89,23.3,29.9,Kolkata,16.0
2024-08-03,31.4,88,20.3,16.0,Kolkata,28.5
2024-08-04,31.0,89,17.3,28.5,Kolkata,61.5
2024-08-05,32.4,87,15.5,61.5,Kolkata,7.5
2024-08-06,31.3,87,15.6,7.5,Kolkata,6.0
2024-08-07,30.9,86,17.1,6.0,Kolkata,5.1
2024-08-08,31.3,84,19.8,5.1,Kolkata,10.1
2024-08-09,31.1,85,17.1,10.1,Kolkata,24.7
2024-08-10,32.0,89,15.9,24.7,Kolkata,10.3
2024-08-11,32.6,86,16.2,10.3,Kolkata,13.4
2024-08-12,32.3,85,15.0,13.4,Kolkata,8.4
2024-08-13,32.8,87,15.3,8.4,Kolkata,56.7
2024-08-14,32.3,88,13.9,56.7,Kolkata,5.8
2024-08-15,32.7,87,10.6,5.8,Kolkata,2.1
2024-08-16,31.2,87,10.2,2.1,Kolkata,10.8
2024-08-17,32.8,87,10.9,10.8,Kolkata,19.9
2024-08-18,30.1,89,19.7,19.9,Kolkata,14.9
2024-08-19,30.6,90,14.3,14.9,Kolkata,29.0
2024-08-20,30.7,91,10.6,29.0,Kolkata,18.8
2024-08-21,31.8,89,15.6,18.8,Kolkata,35.4
2024-08-22,31.4,91,12.1,35.4,Kolkata,22.9
2024-08-23,29.8,92,11.1,22.9,Kolkata,13.8
2024-08-24,27.4,94,11.2,13.8,Kolkata,35.1
2024-08-25,28.9,92,8.2,35.1,Kolkata,53.3
2024-08-26,29.4,92,12.4,53.3,Kolkata,28.1
2024-08-27,29.6,91,11.9,28.1,Kolkata,7.1
2024-08-28,31.7,88,12.8,7.1,Kolkata,1.2
2024-08-29,32.2,84,12.6,1.2,Kolkata,0.5
2024-08-30,32.9,83,14.1,0.5,Kolkata,4.8
2024-08-31,32.3,82,19.6,4.8,Kolkata,9.4
2024-09-01,30.9,87,15.9,9.4,Kolkata,5.9
2024-09-02,32.2,87,16.2,5.9,Kolkata,8.6
2024-09-03,32.0,89,11.3,8.6,Kolkata,5.4
2024-09-04,31.9,87,12.8,5.4,Kolkata,1.5
2024-09-05,32.1,84,18.4,1.5,Kolkata,4.7
2024-09-06,33.1,85,11.0,4.7,Kolkata,14.6
2024-09-07,33.4,84,15.9,14.6,Kolkata,6.1
2024-09-08,32.4,84,18.0,6.1,Kolkata,4.1
2024-09-09,32.2,83,22.4,4.1,Kolkata,3.2
2024-09-10,31.9,84,17.4,3.2,Kolkata,6.6
2024-09-11,31.9,87,11.2,6.6,Kolkata,14.3
2024-09-12,31.4,91,10.2,14.3,Kolkata,24.4
2024-09-13,31.6,88,17.8,24.4,Kolkata,64.6
2024-09-14,27.9,94,31.6,64.6,Kolkata,25.3
2024-09-15,27.0,93,26.6,25.3,Kolkata,25.3
2024-09-16,29.2,89,24.2,25.3,Kolkata,0.5
2024-09-17,32.6,81,18.1,0.5,Kolkata,0.0
2024-09-18,33.0,81,7.9,0.0,Kolkata,0.1
2024-09-19,32.7,84,7.2,0.1,Kolkata,1.5
2024-09-20,33.4,83,10.9,1.5,Kolkata,4.5
2024-09-21,33.4,83,9.9,4.5,Kolkata,4.2
2024-09-22,34.0,82,12.6,4.2,Kolkata,12.6
2024-09-23,33.6,89,17.1,12.6,Kolkata,14.2
2024-09-24,30.5,88,18.0,14.2,Kolkata,34.0
2024-09-25,28.1,94,18.8,34.0,Kolkata,23.7
2024-09-26,28.5,92,18.3,23.7,Kolkata,6.2
2024-09-27,30.5,89,20.0,6.2,Kolkata,1.3
2024-09-28,31.4,86,17.3,1.3,Kolkata,1.0
2024-09-29,32.4,87,15.1,1.0,Kolkata,0.4
2024-09-30,33.5,84,8.8,0.4,Kolkata,13.6
2024-10-01,34.2,85,13.1,13.6,Kolkata,14.4
2024-10-02,31.6,89,10.1,14.4,Kolkata,3.6
2024-10-03,31.5,89,10.9,3.6,Kolkata,28.4
2024-10-04,30.0,92,9.1,28.4,Kolkata,13.6
2024-10-05,30.1,92,4.5,13.6,Kolkata,10.1
2024-10-06,30.3,90,11.6,10.1,Kolkata,14.5
2024-10-07,30.7,92,11.2,14.5,Kolkata,9.8
2024-10-08,31.1,90,7.8,9.8,Kolkata,14.9
2024-10-09,29.9,91,13.1,14.9,Kolkata,11.1
2024-10-10,31.2,87,10.3,11.1,Kolkata,3.6
2024-10-11,32.1,87,10.6,3.6,Kolkata,5.4
2024-10-12,31.9,87,7.7,5.4,Kolkata,3.8
2024-10-13,32.0,86,8.5,3.8,Kolkata,0.0
2024-10-14,32.4,81,7.4,0.0,Kolkata,5.8
2024-10-15,31.5,85,9.3,5.8,Kolkata,0.0
2024-10-16,31.3,84,8.8,0.0,Kolkata,8.0
2024-10-17,30.9,90,9.9,8.0,Kolkata,6.4
2024-10-18,30.2,91,14.1,6.4,Kolkata,7.8
2024-10-19,30.5,88,11.2,7.8,Kolkata,0.0
2024-10-20,30.5,82,12.8,0.0,Kolkata,0.0
2024-10-21,30.4,82,13.0,0.0,Kolkata,0.0
2024-10-22,30.9,81,10.5,0.0,Kolkata,1.9
2024-10-23,29.6,84,17.1,1.9,Kolkata,18.4
2024-10-24,26.4,91,26.9,18.4,Kolkata,57.1
2024-10-25,25.9,93,24.7,57.1,Kolkata,4.5
2024-10-26,31.5,81,21.2,4.5,Kolkata,1.5
2024-10-27,30.6,86,11.5,1.5,Kolkata,0.0
2024-10-28,31.4,82,7.3,0.0,Kolkata,0.0
2024-10-29,31.4,82,9.2,0.0,Kolkata,1.3
2024-10-30,30.8,90,9.1,1.3,Kolkata,1.8
2024-10-31,31.3,88,10.0,1.8,Kolkata,0.0
2024-11-01,32.4,77,7.1,0.0,Kolkata,0.0
2024-11-02,31.4,72,7.1,0.0,Kolkata,0.0
2024-11-03,31.0,79,7.7,0.0,Kolkata,0.0
2024-11-04,30.2,78,7.5,0.0,Kolkata,0.6
2024-11-05,29.3,78,8.0,0.6,Kolkata,1.3
2024-11-06,29.5,80,11.8,1.3,Kolkata,0.2
2024-11-07,30.1,81,7.5,0.2,Kolkata,0.0
2024-11-08,30.2,78,10.7,0.0,Kolkata,0.0
2024-11-09,29.6,80,9.3,0.0,Kolkata,0.0
2024-11-10,29.9,80,8.9,0.0,Kolkata,0.0
2024-11-11,30.1,76,10.1,0.0,Kolkata,0.0
2024-11-12,29.9,75,10.1,0.0,Kolkata,0.0
2024-11-13,31.5,68,6.3,0.0,Kolkata,0.0
2024-11-14,30.8,62,9.7,0.0,Kolkata,0.0
2024-11-15,30.2,64,7.7,0.0,Kolkata,0.0
2024-11-16,29.2,61,8.7,0.0,Kolkata,0.0
2024-11-17,28.7,63,6.8,0.0,Kolkata,0.0
2024-11-18,28.0,64,7.4,0.0,Kolkata,0.0
2024-11-19,28.6,67,4.7,0.0,Kolkata,0.0
2024-11-20,29.0,68,8.0,0.0,Kolkata,0.0
2024-11-21,28.8,68,8.4,0.0,Kolkata,0.0
2024-11-22,28.7,65,7.8,0.0,Kolkata,0.0
2024-11-23,28.5,64,8.9,0.0,Kolkata,0.0
2024-11-24,28.1,62,7.2,0.0,Kolkata,0.0
2024-11-25,27.5,65,8.6,0.0,Kolkata,0.0
2024-11-26,27.4,65,6.8,0.0,Kolkata,0.0
2024-11-27,28.5,63,7.2,0.0,Kolkata,0.0
2024-11-28,28.8,68,9.2,0.0,Kolkata,0.0
2024-11-29,27.0,67,8.8,0.0,Kolkata,0.7
2024-11-30,23.7,77,11.9,0.7,Kolkata,0.2
2024-12-01,27.8,77,8.0,0.2,Kolkata,0.1
2024-12-02,23.7,79,9.4,0.1,Kolkata,0.0
2024-12-03,27.6,69,7.1,0.0,Kolkata,0.0
2024-12-04,27.2,75,4.7,0.0,Kolkata,0.0
2024-12-05,28.4,67,6.5,0.0,Kolkata,0.0
2024-12-06,26.8,66,7.1,0.0,Kolkata,0.0
2024-12-07,25.8,70,5.2,0.0,Kolkata,0.0
2024-12-08,26.0,67,5.6,0.0,Kolkata,0.0
2024-12-09,26.7,70,7.3,0.0,Kolkata,1.3
2024-12-10,26.3,77,6.4,1.3,Kolkata,0.0
2024-12-11,24.6,72,9.9,0.0,Kolkata,0.0
2024-12-12,24.2,67,8.1,0.0,Kolkata,0.0
2024-12-13,23.7,68,8.2,0.0,Kolkata,0.0
2024-12-14,23.6,67,8.0,0.0,Kolkata,0.0
2024-12-15,23.9,66,8.8,0.0,Kolkata,0.0
2024-12-16,25.0,74,6.0,0.0,Kolkata,0.0
2024-12-17,26.6,73,5.6,0.0,Kolkata,0.0
2024-12-18,27.1,70,5.8,0.0,Kolkata,0.0
2024-12-19,27.0,68,8.7,0.0,Kolkata,0.7
2024-12-20,26.6,71,8.5,0.7,Kolkata,10.5
2024-12-21,20.1,86,7.6,10.5,Kolkata,0.0
2024-12-22,25.3,84,9.0,0.0,Kolkata,0.0
2024-12-23,26.5,70,9.4,0.0,Kolkata,0.0
2024-12-24,26.0,69,6.2,0.0,Kolkata,0.5
2024-12-25,23.9,76,4.8,0.5,Kolkata,0.0
2024-12-26,27.1,72,8.1,0.0,Kolkata,0.0
2024-12-27,26.9,68,8.6,0.0,Kolkata,0.0
2024-12-28,26.4,69,7.6,0.0,Kolkata,0.0
2024-12-29,27.0,70,6.6,0.0,Kolkata,0.0
2024-12-30,26.6,73,8.2,0.0,Kolkata,0.0
2024-12-31,24.4,71,11.8,0.0,Kolkata,0.0
2025-01-01,23.4,73,9.6,0.0,Kolkata,0.0
2025-01-02,22.8,73,8.3,0.0,Kolkata,0.0
2025-01-03,22.9,74,9.1,0.0,Kolkata,0.0
2025-01-04,24.4,75,7.1,0.0,Kolkata,0.0
2025-01-05,25.6,76,5.5,0.0,Kolkata,0.0
2025-01-06,25.4,75,6.3,0.0,Kolkata,0.0
2025-01-07,26.9,71,9.2,0.0,Kolkata,0.0
2025-01-08,23.8,69,11.0,0.0,Kolkata,0.0
2025-01-09,23.5,72,7.8,0.0,Kolkata,0.0
2025-01-10,23.9,68,9.2,0.0,Kolkata,0.0
2025-01-11,24.9,71,6.6,0.0,Kolkata,0.0
2025-01-12,26.4,69,4.7,0.0,Kolkata,0.0
2025-01-13,27.8,66,8.0,0.0,Kolkata,0.0
2025-01-14,27.1,66,9.2,0.0,Kolkata,0.0
2025-01-15,25.5,66,11.4,0.0,Kolkata,0.0
2025-01-16,25.9,67,7.4,0.0,Kolkata,0.0
2025-01-17,25.8,66,8.8,0.0,Kolkata,0.0
2025-01-18,25.8,65,10.8,0.0,Kolkata,0.0
2025-01-19,25.6,64,11.6,0.0,Kolkata,0.0
2025-01-20,24.9,62,10.5,0.0,Kolkata,0.0
2025-01-21,26.7,66,10.3,0.0,Kolkata,0.0
2025-01-22,28.5,65,9.0,0.0,Kolkata,0.0
2025-01-23,28.8,70,6.6,0.0,Kolkata,0.0
2025-01-24,28.6,74,6.6,0.0,Kolkata,0.5
2025-01-25,26.9,77,10.9,0.5,Kolkata,0.0
2025-01-26,25.3,64,10.1,0.0,Kolkata,0.0
2025-01-27,25.1,62,10.2,0.0,Kolkata,0.0
2025-01-28,27.2,66,8.6,0.0,Kolkata,0.1
2025-01-29,28.3,74,9.3,0.1,Kolkata,0.1
2025-01-30,30.1,76,16.0,0.1,Kolkata,0.1
2025-01-31,30.3,78,10.8,0.1,Kolkata,0.4
2025-02-01,29.7,82,7.7,0.4,Kolkata,0.1
2025-02-02,30.0,81,7.9,0.1,Kolkata,0.0
2025-02-03,30.8,68,8.5,0.0,Kolkata,0.0
2025-02-04,29.1,56,9.1,0.0,Kolkata,0.0
2025-02-05,30.9,59,9.7,0.0,Kolkata,0.0
2025-02-06,30.6,64,11.4,0.0,Kolkata,0.0
2025-02-07,27.5,42,9.0,0.0,Kolkata,0.0
2025-02-08,27.6,50,11.1,0.0,Kolkata,0.0
2025-02-09,27.6,50,9.8,0.0,Kolkata,0.0
2025-02-10,30.7,67,9.9,0.0,Kolkata,0.0
2025-02-11,31.2,72,9.7,0.0,Kolkata,0.0
2025-02-12,32.3,70,8.3,0.0,Kolkata,0.3
2025-02-13,31.4,69,9.7,0.3,Kolkata,0.0
2025-02-14,29.0,40,11.3,0.0,Kolkata,0.0
2025-02-15,30.8,44,12.0,0.0,Kolkata,0.0
2025-02-16,32.0,63,12.8,0.0,Kolkata,0.0
2025-02-17,32.3,71,12.5,0.0,Kolkata,7.2
2025-02-18,32.4,73,17.4,7.2,Kolkata,19.3
2025-02-19,28.3,82,9.5,19.3,Kolkata,4.2
2025-02-20,26.9,86,8.1,4.2,Kolkata,0.0
2025-02-21,29.0,79,8.3,0.0,Kolkata,7.1
2025-02-22,29.1,86,14.7,7.1,Kolkata,6.4
2025-02-23,27.7,83,10.3,6.4,Kolkata,0.0
2025-02-24,28.6,75,5.6,0.0,Kolkata,0.0
2025-02-25,28.9,70,9.0,0.0,Kolkata,0.0
2025-02-26,29.4,72,9.0,0.0,Kolkata,0.0
2025-02-27,30.0,69,9.1,0.0,Kolkata,0.0
2025-02-28,31.4,71,7.7,0.0,Kolkata,0.0
2025-03-01,34.4,68,13.5,0.0,Kolkata,0.0
2025-03-02,34.4,60,10.9,0.0,Kolkata,0.0
2025-03-03,33.9,56,10.8,0.0,Kolkata,0.0
2025-03-04,32.9,49,11.6,0.0,Kolkata,0.0
2025-03-05,32.4,48,10.9,0.0,Kolkata,0.0
2025-03-06,29.5,41,11.3,0.0,Kolkata,0.0
2025-03-07,30.9,46,10.6,0.0,Kolkata,0.0
2025-03-08,32.9,62,12.5,0.0,Kolkata,0.0
2025-03-09,33.7,63,9.3,0.0,Kolkata,0.0
2025-03-10,35.5,59,11.2,0.0,Kolkata,0.0
2025-03-11,34.5,49,13.4,0.0,Kolkata,0.0
2025-03-12,36.1,54,13.8,0.0,Kolkata,0.0
2025-03-13,37.1,57,12.5,0.0,Kolkata,0.0
2025-03-14,37.9,66,10.5,0.0,Kolkata,0.0
2025-03-15,39.1,67,14.8,0.0,Kolkata,12.3
2025-03-16,39.6,66,14.5,12.3,Kolkata,9.0
2025-03-17,37.2,70,15.9,9.0,Kolkata,0.0
2025-03-18,35.8,53,11.5,0.0,Kolkata,0.0
2025-03-19,36.9,61,12.6,0.0,Kolkata,0.8
2025-03-20,34.6,68,14.9,0.8,Kolkata,3.5
2025-03-21,34.6,61,12.0,3.5,Kolkata,8.9
2025-03-22,26.1,82,15.7,8.9,Kolkata,2.0
2025-03-23,28.9,77,7.9,2.0,Kolkata,0.0
2025-03-24,31.7,65,10.4,0.0,Kolkata,0.0
2025-03-25,33.3,58,9.7,0.0,Kolkata,0.0
2025-03-26,36.4,58,13.2,0.0,Kolkata,0.0
2025-03-27,37.9,54,13.4,0.0,Kolkata,0.0
2025-03-28,39.6,49,13.3,0.0,Kolkata,0.0
2025-03-29,38.2,53,12.0,0.0,Kolkata,0.0
2025-03-30,38.2,68,11.7,0.0,Kolkata,0.1
2025-03-31,37.3,68,14.7,0.1,Kolkata,0.0
2025-04-01,37.1,67,13.8,0.0,Kolkata,0.1
2025-04-02,37.9,65,17.2,0.1,Kolkata,0.0
2025-04-03,37.8,63,10.5,0.0,Kolkata,0.0
2025-04-04,33.6,67,9.8,0.0,Kolkata,0.0
2025-04-05,38.4,57,13.4,0.0,Kolkata,1.6
2025-04-06,37.5,66,17.1,1.6,Kolkata,0.2
2025-04-07,37.0,66,17.0,0.2,Kolkata,3.1
2025-04-08,36.2,68,13.4,3.1,Kolkata,3.6
2025-04-09,36.1,63,14.6,3.6,Kolkata,2.3
2025-04-10,35.5,64,15.5,2.3,Kolkata,0.0
2025-04-11,33.1,70,7.8,0.0,Kolkata,9.3
2025-04-12,37.7,73,11.1,9.3,Kolkata,0.6
2025-04-13,34.2,75,9.1,0.6,Kolkata,6.4
2025-04-14,34.0,73,18.0,6.4,Kolkata,0.7
2025-04-15,35.5,68,9.6,0.7,Kolkata,2.7
2025-04-16,34.9,71,13.2,2.7,Kolkata,20.2
2025-04-17,34.4,81,19.0,20.2,Kolkata,8.6
2025-04-18,31.7,81,10.5,8.6,Kolkata,2.1
2025-04-19,31.7,82,8.9,2.1,Kolkata,7.7
2025-04-20,36.2,80,12.6,7.7,Kolkata,0.0
2025-04-21,35.9,79,16.8,0.0,Kolkata,0.1
2025-04-22,36.6,76,17.3,0.1,Kolkata,0.0
2025-04-23,42.1,66,15.3,0.0,Kolkata,0.0
2025-04-24,38.3,71,18.7,0.0,Kolkata,0.0
2025-04-25,39.3,71,18.5,0.0,Kolkata,6.1
2025-04-26,37.5,72,18.6,6.1,Kolkata,0.0
2025-04-27,38.1,61,12.3,0.0,Kolkata,5.6
2025-04-28,31.2,79,10.1,5.6,Kolkata,14.3
2025-04-29,32.0,82,17.3,14.3,Kolkata,2.5
2025-04-30,31.3,81,7.6,2.5,Kolkata,3.5
2025-05-01,31.7,79,18.5,3.5,Kolkata,0.0
2025-05-02,30.9,78,7.8,0.0,Kolkata,2.3
2025-05-03,32.9,78,12.9,2.3,Kolkata,8.7
2025-05-04,31.4,82,9.9,8.7,Kolkata,0.1
2025-05-05,34.2,74,8.1,0.1,Kolkata,9.1
2025-05-06,34.6,80,10.0,9.1,Kolkata,0.0
2025-05-07,35.3,75,10.6,0.0,Kolkata,0.0
2025-05-08,38.2,66,10.5,0.0,Kolkata,0.0
2025-05-09,39.1,62,11.2,0.0,Kolkata,0.0
2025-05-10,39.6,56,11.4,0.0,Kolkata,0.0
2025-05-11,40.2,53,12.7,0.0,Kolkata,1.0
2025-05-12,40.0,55,16.4,1.0,Kolkata,0.4
2025-05-13,38.2,69,13.9,0.4,Kolkata,0.1
2025-05-14,37.9,70,15.6,0.1,Kolkata,3.8
2025-05-15,38.1,71,16.6,3.8,Kolkata,2.5
2025-05-16,36.8,72,14.2,2.5,Kolkata,1.1
2025-05-17,36.9,71,20.9,1.1,Kolkata,3.2
2025-05-18,33.9,76,18.7,3.2,Kolkata,4.2
2025-05-19,36.9,69,12.2,4.2,Kolkata,8.3
2025-05-20,36.1,71,15.9,8.3,Kolkata,7.7
2025-05-21,36.9,71,13.7,7.7,Kolkata,5.2
2025-05-22,33.2,79,12.1,5.2,Kolkata,9.0
2025-05-23,32.9,84,13.3,9.0,Kolkata,4.9
2025-05-24,33.5,82,7.6,4.9,Kolkata,11.4
2025-05-25,31.5,85,10.9,11.4,Kolkata,11.9
2025-05-26,31.0,88,12.0,11.9,Kolkata,5.5
2025-05-27,30.5,87,15.7,5.5,Kolkata,7.5
2025-05-28,30.7,87,18.9,7.5,Kolkata,28.8
2025-05-29,30.1,89,17.0,28.8,Kolkata,3.2
2025-05-30,33.6,80,16.8,3.2,Kolkata,24.3
2025-05-31,32.0,88,13.9,24.3,Kolkata,15.9
2025-06-01,31.6,91,13.8,15.9,Kolkata,0.6
2025-06-02,36.4,75,17.9,0.6,Kolkata,0.2
2025-06-03,35.7,73,12.1,0.2,Kolkata,3.9
2025-06-04,34.5,82,8.8,3.9,Kolkata,5.3
2025-06-05,32.7,85,8.8,5.3,Kolkata,9.7
2025-06-06,33.4,83,12.6,9.7,Kolkata,0.0
2025-06-07,34.6,77,6.9,0.0,Kolkata,1.6
2025-06-08,34.8,77,7.8,1.6,Kolkata,0.8
2025-06-09,34.9,71,8.5,0.8,Kolkata,1.4
2025-06-10,36.8,68,10.2,1.4,Kolkata,0.7
2025-06-11,35.6,71,12.3,0.7,Kolkata,1.2
2025-06-12,37.1,67,10.9,1.2,Kolkata,2.1
2025-06-13,36.4,70,10.2,2.1,Kolkata,1.5
2025-06-14,36.0,71,14.4,1.5,Kolkata,16.0
2025-06-15,31.6,83,10.6,16.0,Kolkata,26.6
2025-06-16,32.1,86,11.5,26.6,Kolkata,30.4
2025-06-17,29.1,93,13.1,30.4,Kolkata,25.3
2025-06-18,28.9,91,19.6,25.3,Kolkata,23.5
2025-06-19,30.9,84,27.3,23.5,Kolkata,3.9
2025-06-20,32.6,83,17.3,3.9,Kolkata,3.0
2025-06-21,33.9,80,12.4,3.0,Kolkata,28.2
2025-06-22,32.1,89,9.0,28.2,Kolkata,14.2
2025-06-23,31.7,88,12.5,14.2,Kolkata,1.8
2025-06-24,32.4,84,9.6,1.8,Kolkata,17.0
2025-06-25,31.5,87,16.6,17.0,Kolkata,7.7
2025-06-26,32.2,84,16.3,7.7,Kolkata,19.4
2025-06-27,31.6,88,13.5,19.4,Kolkata,17.5
2025-06-28,30.3,89,9.0,17.5,Kolkata,44.8
2025-06-29,30.6,90,8.7,44.8,Kolkata,12.7
2025-06-30,31.1,88,9.2,12.7,Kolkata,6.5
2025-07-01,30.7,86,15.7,6.5,Kolkata,34.6
2025-07-02,32.3,88,10.5,34.6,Kolkata,10.9
2025-07-03,31.2,88,10.9,10.9,Kolkata,16.4
2025-07-04,31.3,90,9.7,16.4,Kolkata,7.6
2025-07-05,31.4,89,9.0,7.6,Kolkata,15.0
2025-07-06,30.4,89,8.6,15.0,Kolkata,21.5
2025-07-07,28.9,93,11.3,21.5,Kolkata,27.2
2025-07-08,28.1,94,11.1,27.2,Kolkata,11.2
2025-07-09,30.4,89,16.1,11.2,Kolkata,20.1
2025-07-10,31.5,87,16.7,20.1,Kolkata,2.7
2025-07-11,31.6,86,10.1,2.7,Kolkata,9.3
2025-07-12,32.7,87,8.2,9.3,Kolkata,11.2
2025-07-13,31.0,88,10.1,11.2,Kolkata,35.7
2025-07-14,27.7,93,22.7,35.7,Kolkata,26.1
2025-07-15,30.8,89,13.8,26.1,Kolkata,2.3
2025-07-16,32.0,87,13.5,2.3,Kolkata,1.0
2025-07-17,32.7,82,12.6,1.0,Kolkata,8.4
2025-07-18,33.0,86,8.5,8.4,Kolkata,3.0
2025-07-19,33.3,81,10.5,3.0,Kolkata,8.1
2025-07-20,33.3,83,8.5,8.1,Kolkata,2.3
2025-07-21,33.3,83,10.3,2.3,Kolkata,0.5
2025-07-22,33.7,81,10.5,0.5,Kolkata,0.8
2025-07-23,34.3,76,12.0,0.8,Kolkata,10.5
2025-07-24,33.0,83,9.7,10.5,Kolkata,17.9
2025-07-25,30.8,90,18.7,17.9,Kolkata,6.5
2025-07-26,30.9,86,16.8,6.5,Kolkata,6.1
2025-07-27,32.9,84,9.9,6.1,Kolkata,15.9
2025-07-28,30.6,87,10.3,15.9,Kolkata,52.3
2025-07-29,29.0,92,11.3,52.3,Kolkata,18.7
2025-07-30,29.6,90,12.6,18.7,Kolkata,46.6
2025-07-31,30.0,92,13.2,46.6,Kolkata,11.9
2025-08-01,32.0,88,11.8,11.9,Kolkata,20.9
2025-08-02,32.2,88,11.4,20.9,Kolkata,8.2
2025-08-03,32.4,87,16.1,8.2,Kolkata,16.9
2025-08-04,31.8,87,11.7,16.9,Kolkata,17.7
2025-08-05,32.4,89,19.9,17.7,Kolkata,17.7
2025-08-06,30.1,90,8.8,17.7,Kolkata,14.3
2025-08-07,31.8,90,14.1,14.3,Kolkata,3.4
2025-08-08,30.8,87,11.7,3.4,Kolkata,6.9
2025-08-09,31.8,85,14.7,6.9,Kolkata,0.3
2025-08-10,32.9,79,13.8,0.3,Kolkata,7.2
2025-08-11,32.7,84,10.6,7.2,Kolkata,6.2
2025-08-12,33.6,83,10.5,6.2,Kolkata,15.4
2025-08-13,31.3,87,12.1,15.4,Kolkata,17.5
2025-08-14,30.5,87,12.3,17.5,Kolkata,7.9
2025-08-15,31.6,86,12.3,7.9,Kolkata,3.4
2025-08-16,32.2,85,10.5,3.4,Kolkata,10.5
2025-08-17,32.1,83,13.3,10.5,Kolkata,10.5
2025-08-18,31.7,84,18.0,10.5,Kolkata,10.0
2025-08-19,30.1,86,17.9,10.0,Kolkata,2.1
2025-08-20,30.1,86,17.6,2.1,Kolkata,35.7
2025-08-21,29.2,93,13.6,35.7,Kolkata,30.9
2025-08-22,30.0,91,13.4,30.9,Kolkata,12.0
2025-08-23,28.5,90,13.9,12.0,Kolkata,6.4
2025-08-24,30.6,86,17.2,6.4,Kolkata,4.1
2025-08-25,31.8,86,8.2,4.1,Kolkata,2.2
2025-08-26,32.0,83,10.9,2.2,Kolkata,5.7
2025-08-27,31.8,84,14.3,5.7,Kolkata,5.6
2025-08-28,31.1,85,15.3,5.6,Kolkata,15.3
2025-08-29,30.2,88,12.9,15.3,Kolkata,9.2
2025-08-30,30.3,89,11.0,9.2,Kolkata,3.8
2025-08-31,32.3,86,6.8,3.8,Kolkata,12.0
2025-09-01,33.8,82,12.7,12.0,Kolkata,25.7
2025-09-02,30.3,87,15.7,25.7,Kolkata,22.9
2025-09-03,29.2,88,21.2,22.9,Kolkata,9.2
2025-09-04,30.5,88,14.0,9.2,Kolkata,8.9
2025-09-05,32.4,86,10.9,8.9,Kolkata,8.1
2025-09-06,32.6,84,8.6,8.1,Kolkata,0.7
2025-09-07,33.1,80,10.1,0.7,Kolkata,0.5
2025-09-08,32.9,80,7.2,0.5,Kolkata,0.3
2025-09-09,33.7,78,9.9,0.3,Kolkata,0.0
2025-09-10,34.7,76,10.4,0.0,Kolkata,10.2
2025-09-11,34.5,81,12.4,10.2,Kolkata,16.5
2025-09-12,33.0,85,14.2,16.5,Kolkata,9.0
2025-09-13,30.6,86,10.5,9.0,Kolkata,6.2
2025-09-14,31.7,88,13.6,6.2,Kolkata,23.2
2025-09-15,29.3,91,11.1,23.2,Kolkata,10.2
2025-09-16,30.1,89,12.9,10.2,Kolkata,17.3
2025-09-17,31.0,86,14.1,17.3,Kolkata,4.3
2025-09-18,32.4,84,9.6,4.3,Kolkata,7.0
2025-09-19,31.0,89,6.1,7.0,Kolkata,10.6
2025-09-20,32.5,88,5.1,10.6,Kolkata,10.7
2025-09-21,32.5,88,8.0,10.7,Kolkata,11.1
2025-09-22,29.9,89,6.3,11.1,Kolkata,24.8
2025-09-23,30.3,89,12.0,24.8,Kolkata,18.1
2025-09-24,31.2,88,12.2,18.1,Kolkata,17.3
2025-09-25,33.5,84,7.2,17.3,Kolkata,15.9
2025-09-26,31.6,87,21.3,15.9,Kolkata,7.9
2025-09-27,30.0,86,18.6,7.9,Kolkata,4.9
2025-09-28,32.2,87,8.6,4.9,Kolkata,0.5
2025-09-29,32.6,81,5.2,0.5,Kolkata,6.1
2025-09-30,32.7,85,7.7,6.1,Kolkata,3.6
2025-10-01,32.4,85,10.9,3.6,Kolkata,29.6
2025-10-02,27.9,91,15.7,29.6,Kolkata,15.4
2025-10-03,30.3,88,17.2,15.4,Kolkata,6.8
2025-10-04,31.7,86,17.8,6.8,Kolkata,12.5
2025-10-05,30.2,90,14.0,12.5,Kolkata,1.5
2025-10-06,29.5,89,8.7,1.5,Kolkata,1.1
2025-10-07,31.2,85,6.3,1.1,Kolkata,7.6
2025-10-08,30.9,88,6.8,7.6,Kolkata,7.7
2025-10-09,31.6,87,6.2,7.7,Kolkata,11.0
2025-10-10,31.7,86,7.9,11.0,Kolkata,1.3
2025-10-11,30.7,84,8.9,1.3,Kolkata,0.0
2025-10-12,31.4,79,7.6,0.0,Kolkata,0.0
2025-10-13,31.1,75,9.5,0.0,Kolkata,0.0
2025-10-14,31.9,71,11.1,0.0,Kolkata,0.0
2025-10-15,32.9,66,12.0,0.0,Kolkata,0.0
2025-10-16,32.8,64,8.5,0.0,Kolkata,0.0
2025-10-17,34.2,65,9.8,0.0,Kolkata,0.3
2025-10-18,34.4,64,6.8,0.3,Kolkata,1.7
2025-10-19,35.2,63,9.4,1.7,Kolkata,0.0
2025-10-20,35.6,62,11.5,0.0,Kolkata,0.0
2025-10-21,34.7,62,11.4,0.0,Kolkata,0.0
2025-10-22,33.8,66,10.5,0.0,Kolkata,0.0
2025-10-23,33.9,62,9.5,0.0,Kolkata,0.0
2025-10-24,34.6,56,7.6,0.0,Kolkata,0.0
2025-10-25,34.2,67,8.7,0.0,Kolkata,0.2
2025-10-26,34.5,69,6.4,0.2,Kolkata,0.2
2025-10-27,34.8,64,7.6,0.2,Kolkata,0.5
2025-10-28,34.0,71,10.5,0.5,Kolkata,16.4
2025-10-29,28.5,90,10.9,16.4,Kolkata,8.0
2025-10-30,30.2,88,13.4,8.0,Kolkata,1.0
2025-10-31,31.7,82,11.6,1.0,Kolkata,22.1
2025-11-01,30.6,88,10.3,22.1,Kolkata,0.0
2025-11-02,28.6,81,13.0,0.0,Kolkata,0.0
2025-11-03,29.9,73,11.4,0.0,Kolkata,0.0
2025-11-04,29.9,69,10.8,0.0,Kolkata,0.0
2025-11-05,30.1,74,9.4,0.0,Kolkata,0.6
2025-11-06,30.2,76,7.3,0.6,Kolkata,0.0
2025-11-07,30.8,70,12.3,0.0,Kolkata,0.0
2025-11-08,30.5,58,12.1,0.0,Kolkata,0.0
2025-11-09,29.5,60,8.6,0.0,Kolkata,0.0
2025-11-10,30.0,61,8.7,0.0,Kolkata,0.0
2025-11-11,29.1,57,7.9,0.0,Kolkata,0.0
2025-11-12,28.2,59,7.8,0.0,Kolkata,0.0
2025-11-13,28.4,60,9.5,0.0,Kolkata,0.0
2025-11-14,28.4,59,8.8,0.0,Kolkata,0.0
2025-11-15,28.4,62,9.2,0.0,Kolkata,0.0
2025-11-16,28.3,60,9.7,0.0,Kolkata,0.0
2025-11-17,28.4,58,9.8,0.0,Kolkata,0.0
2025-11-18,29.7,57,6.0,0.0,Kolkata,0.0
2025-11-19,30.6,59,6.6,0.0,Kolkata,0.0
2025-11-20,30.1,55,9.7,0.0,Kolkata,0.0
2025-11-21,29.6,57,8.1,0.0,Kolkata,0.0
2025-11-22,29.2,62,10.3,0.0,Kolkata,0.0
2025-11-23,29.2,61,7.9,0.0,Kolkata,0.0
2025-11-24,28.6,59,13.1,0.0,Kolkata,0.0
2025-11-25,27.6,56,9.2,0.0,Kolkata,0.0
2025-11-26,27.5,57,9.1,0.0,Kolkata,0.0
2025-11-27,28.6,61,7.5,0.0,Kolkata,0.0
2025-11-28,28.6,62,7.4,0.0,Kolkata,0.0
2025-11-29,28.5,60,8.7,0.0,Kolkata,0.0
2025-11-30,28.5,58,7.9,0.0,Kolkata,0.0
2025-12-01,28.0,63,8.9,0.0,Kolkata,0.0
2025-12-02,28.4,61,6.6,0.0,Kolkata,0.0
2025-12-03,27.5,62,8.8,0.0,Kolkata,0.0
2025-12-04,26.9,61,10.5,0.0,Kolkata,0.0
2025-12-05,27.1,56,10.8,0.0,Kolkata,0.0
2025-12-06,26.0,56,8.5,0.0,Kolkata,0.0
2025-12-07,26.3,61,8.3,0.0,Kolkata,0.0
2025-12-08,26.1,58,7.9,0.0,Kolkata,0.0
2025-12-09,26.6,63,8.5,0.0,Kolkata,0.0
2025-12-10,26.8,64,7.3,0.0,Kolkata,0.0
2025-12-11,26.5,60,7.5,0.0,Kolkata,0.0
2025-12-12,26.5,60,7.7,0.0,Kolkata,0.0
2025-12-13,26.7,64,6.8,0.0,Kolkata,0.0
2025-12-14,27.9,62,8.6,0.0,Kolkata,0.0
2025-12-15,27.3,63,9.3,0.0,Kolkata,0.0
2025-12-16,26.4,61,7.9,0.0,Kolkata,0.0
2025-12-17,26.1,62,9.7,0.0,Kolkata,0.0
2025-12-18,27.7,63,7.1,0.0,Kolkata,0.0
2025-12-19,27.4,63,9.1,0.0,Kolkata,0.0
2025-12-20,24.6,71,8.9,0.0,Kolkata,0.0
2025-12-21,25.2,71,8.0,0.0,Kolkata,0.0
2025-12-22,25.7,70,8.2,0.0,Kolkata,0.0
2025-12-23,25.0,67,9.0,0.0,Kolkata,0.0
2025-12-24,24.6,67,9.6,0.0,Kolkata,0.0
2025-12-25,22.7,67,12.2,0.0,Kolkata,0.0
2025-12-26,22.9,68,7.3,0.0,Kolkata,0.0
2025-12-27,23.4,71,10.1,0.0,Kolkata,0.0
2025-12-28,22.8,71,9.6,0.0,Kolkata,0.0
2025-12-29,21.4,72,9.0,0.0,Kolkata,0.0
2025-12-30,20.5,73,9.0,0.0,Kolkata,0.0
2024-01-01,25.1,77,6.9,0.0,Guwahati,0.0
2024-01-02,24.8,79,8.4,0.0,Guwahati,0.2
2024-01-03,24.9,75,10.6,0.2,Guwahati,0.1
2024-01-04,24.8,75,7.3,0.1,Guwahati,0.0
2024-01-05,24.4,74,8.8,0.0,Guwahati,0.0
2024-01-06,24.6,72,7.4,0.0,Guwahati,0.0
2024-01-07,24.7,73,8.0,0.0,Guwahati,0.0
2024-01-08,23.7,76,7.3,0.0,Guwahati,0.0
2024-01-09,23.3,81,7.0,0.0,Guwahati,0.0
2024-01-10,23.3,82,8.2,0.0,Guwahati,0.0
2024-01-11,22.9,82,10.1,0.0,Guwahati,0.0
2024-01-12,22.0,85,8.7,0.0,Guwahati,0.0
2024-01-13,21.8,87,8.1,0.0,Guwahati,0.0
2024-01-14,22.9,85,9.7,0.0,Guwahati,0.0
2024-01-15,23.5,83,7.5,0.0,Guwahati,3.1
2024-01-16,22.4,82,9.0,3.1,Guwahati,0.5
2024-01-17,20.1,85,7.2,0.5,Guwahati,0.1
2024-01-18,21.8,81,7.1,0.1,Guwahati,0.0
2024-01-19,22.6,80,9.0,0.0,Guwahati,0.0
2024-01-20,23.0,75,11.4,0.0,Guwahati,3.3
2024-01-21,21.7,80,8.7,3.3,Guwahati,0.0
2024-01-22,22.2,80,8.8,0.0,Guwahati,0.3
2024-01-23,22.6,79,12.1,0.3,Guwahati,1.5
2024-01-24,21.9,83,7.4,1.5,Guwahati,1.0
2024-01-25,21.9,81,14.0,1.0,Guwahati,0.0
2024-01-26,21.7,82,7.9,0.0,Guwahati,1.0
2024-01-27,20.6,84,8.2,1.0,Guwahati,1.1
2024-01-28,22.0,83,10.2,1.1,Guwahati,0.0
2024-01-29,23.5,74,7.4,0.0,Guwahati,2.3
2024-01-30,22.6,78,17.9,2.3,Guwahati,1.8
2024-01-31,21.7,83,10.0,1.8,Guwahati,0.1
2024-02-01,22.3,86,10.6,0.1,Guwahati,2.2
2024-02-02,21.3,85,10.7,2.2,Guwahati,0.1
2024-02-03,22.9,74,11.4,0.1,Guwahati,0.0
2024-02-04,22.9,69,9.4,0.0,Guwahati,0.7
2024-02-05,21.4,76,8.9,0.7,Guwahati,2.4
2024-02-06,22.0,85,11.4,2.4,Guwahati,0.6
2024-02-07,21.9,74,7.8,0.6,Guwahati,0.0
2024-02-08,21.9,71,7.7,0.0,Guwahati,0.0
2024-02-09,23.3,75,9.2,0.0,Guwahati,0.0
2024-02-10,25.0,71,11.9,0.0,Guwahati,0.0
2024-02-11,26.7,66,8.6,0.0,Guwahati,0.0
2024-02-12,27.0,60,7.9,0.0,Guwahati,0.0
2024-02-13,27.4,58,8.6,0.0,Guwahati,0.0
2024-02-14,27.0,56,9.7,0.0,Guwahati,2.6
2024-02-15,26.5,71,10.2,2.6,Guwahati,0.0
2024-02-16,26.9,77,8.9,0.0,Guwahati,0.9
2024-02-17,25.6,70,11.0,0.9,Guwahati,0.1
2024-02-18,27.0,58,10.8,0.1,Guwahati,1.6
2024-02-19,26.6,67,7.9,1.6,Guwahati,0.9
2024-02-20,26.7,69,8.4,0.9,Guwahati,19.6
2024-02-21,25.0,85,9.2,19.6,Guwahati,1.4
2024-02-22,23.3,89,15.6,1.4,Guwahati,0.9
2024-02-23,24.8,77,10.0,0.9,Guwahati,0.0
2024-02-24,25.5,67,10.5,0.0,Guwahati,0.7
2024-02-25,22.8,72,8.2,0.7,Guwahati,0.0
2024-02-26,23.6,80,12.4,0.0,Guwahati,0.0
2024-02-27,26.1,74,7.9,0.0,Guwahati,0.0
2024-02-28,26.3,58,15.1,0.0,Guwahati,0.0
2024-02-29,26.7,65,9.5,0.0,Guwahati,0.0
2024-03-01,27.1,68,12.1,0.0,Guwahati,0.0
2024-03-02,28.9,63,11.0,0.0,Guwahati,0.0
2024-03-03,28.7,61,17.0,0.0,Guwahati,0.0
2024-03-04,28.4,64,22.3,0.0,Guwahati,0.0
2024-03-05,29.0,58,22.0,0.0,Guwahati,0.0
2024-03-06,27.3,51,8.7,0.0,Guwahati,0.0
2024-03-07,27.5,57,8.7,0.0,Guwahati,0.0
2024-03-08,28.5,51,15.6,0.0,Guwahati,0.0
2024-03-09,28.7,51,10.3,0.0,Guwahati,0.0
2024-03-10,29.8,50,8.1,0.0,Guwahati,0.0
2024-03-11,30.0,51,9.7,0.0,Guwahati,0.0
2024-03-12,31.5,51,16.6,0.0,Guwahati,0.0
2024-03-13,30.6,64,10.0,0.0,Guwahati,2.8
2024-03-14,31.4,66,12.4,2.8,Guwahati,0.0
2024-03-15,30.1,65,9.7,0.0,Guwahati,0.0
2024-03-16,29.9,61,7.9,0.0,Guwahati,0.0
2024-03-17,31.8,52,15.3,0.0,Guwahati,0.0
2024-03-18,31.5,50,10.9,0.0,Guwahati,0.0
2024-03-19,29.4,57,8.2,0.0,Guwahati,14.1
2024-03-20,21.2,84,12.1,14.1,Guwahati,7.6
2024-03-21,22.5,93,8.0,7.6,Guwahati,1.4
2024-03-22,25.3,85,9.2,1.4,Guwahati,5.0
2024-03-23,24.8,88,7.5,5.0,Guwahati,1.7
2024-03-24,26.9,87,8.4,1.7,Guwahati,2.7
2024-03-25,26.8,86,15.0,2.7,Guwahati,8.4
2024-03-26,27.5,87,9.4,8.4,Guwahati,0.1
2024-03-27,27.0,87,13.5,0.1,Guwahati,1.0
2024-03-28,28.9,84,10.2,1.0,Guwahati,0.5
2024-03-29,30.5,80,8.7,0.5,Guwahati,3.7
2024-03-30,30.4,81,10.3,3.7,Guwahati,6.2
2024-03-31,26.9,87,12.6,6.2,Guwahati,0.0
2024-04-01,29.7,86,9.8,0.0,Guwahati,0.0
2024-04-02,30.3,83,8.4,0.0,Guwahati,0.0
2024-04-03,29.7,78,8.9,0.0,Guwahati,0.1
2024-04-04,30.4,79,14.0,0.1,Guwahati,6.6
2024-04-05,29.1,84,10.1,6.6,Guwahati,0.0
2024-04-06,31.5,82,8.0,0.0,Guwahati,0.0
2024-04-07,33.9,60,17.1,0.0,Guwahati,0.0
2024-04-08,31.2,66,9.4,0.0,Guwahati,0.0
2024-04-09,32.1,63,8.5,0.0,Guwahati,0.0
2024-04-10,32.2,60,10.7,0.0,Guwahati,1.5
2024-04-11,33.1,64,13.9,1.5,Guwahati,0.3
2024-04-12,33.2,67,11.4,0.3,Guwahati,0.0
2024-04-13,34.3,57,14.1,0.0,Guwahati,0.0
2024-04-14,34.5,57,14.1,0.0,Guwahati,0.0
2024-04-15,35.0,59,14.1,0.0,Guwahati,7.8
2024-04-16,30.1,75,15.8,7.8,Guwahati,0.0
2024-04-17,32.2,74,15.4,0.0,Guwahati,0.4
2024-04-18,32.5,72,13.4,0.4,Guwahati,1.3
2024-04-19,31.6,73,15.5,1.3,Guwahati,4.2
2024-04-20,30.1,78,19.0,4.2,Guwahati,0.9
2024-04-21,33.2,80,17.6,0.9,Guwahati,0.2
2024-04-22,33.8,73,12.1,0.2,Guwahati,0.0
2024-04-23,34.9,70,14.0,0.0,Guwahati,0.0
2024-04-24,38.8,47,29.9,0.0,Guwahati,0.0
2024-04-25,33.5,67,13.7,0.0,Guwahati,0.4
2024-04-26,35.6,62,20.6,0.4,Guwahati,3.7
2024-04-27,34.7,64,15.5,3.7,Guwahati,0.0
2024-04-28,34.5,71,19.6,0.0,Guwahati,0.7
2024-04-29,34.8,67,17.7,0.7,Guwahati,0.0
2024-04-30,33.6,66,17.3,0.0,Guwahati,0.0
2024-05-01,37.5,66,30.2,0.0,Guwahati,0.0
2024-05-02,39.5,44,29.0,0.0,Guwahati,0.0
2024-05-03,33.7,54,13.0,0.0,Guwahati,0.9
2024-05-04,36.5,49,14.8,0.9,Guwahati,15.6
2024-05-05,28.6,81,18.8,15.6,Guwahati,23.5
2024-05-06,27.3,85,18.2,23.5,Guwahati,10.2
2024-05-07,29.9,82,13.3,10.2,Guwahati,1.2
2024-05-08,29.7,82,11.2,1.2,Guwahati,3.9
2024-05-09,29.5,78,8.1,3.9,Guwahati,5.5
2024-05-10,30.6,79,10.9,5.5,Guwahati,10.7
2024-05-11,31.3,77,7.0,10.7,Guwahati,0.1
2024-05-12,31.8,76,8.1,0.1,Guwahati,16.6
2024-05-13,31.1,78,7.2,16.6,Guwahati,0.1
2024-05-14,34.0,67,8.7,0.1,Guwahati,0.5
2024-05-15,34.6,68,11.7,0.5,Guwahati,17.9
2024-05-16,34.0,77,13.9,17.9,Guwahati,0.9
2024-05-17,35.2,77,22.1,0.9,Guwahati,8.6
2024-05-18,30.4,84,15.1,8.6,Guwahati,18.3
2024-05-19,31.5,87,11.8,18.3,Guwahati,3.6
2024-05-20,31.6,84,7.7,3.6,Guwahati,10.7
2024-05-21,32.7,81,13.0,10.7,Guwahati,1.1
2024-05-22,34.8,75,9.6,1.1,Guwahati,0.1
2024-05-23,34.0,70,12.8,0.1,Guwahati,4.6
2024-05-24,35.1,74,10.7,4.6,Guwahati,0.0
2024-05-25,37.0,67,14.7,0.0,Guwahati,0.2
2024-05-26,36.7,66,9.8,0.2,Guwahati,38.8
2024-05-27,29.5,91,27.0,38.8,Guwahati,65.3
2024-05-28,26.4,92,34.7,65.3,Guwahati,2.7
2024-05-29,31.2,86,13.1,2.7,Guwahati,10.7
2024-05-30,31.0,87,11.8,10.7,Guwahati,13.0
2024-05-31,29.5,88,11.1,13.0,Guwahati,3.9
2024-06-01,30.8,87,10.7,3.9,Guwahati,7.3
2024-06-02,31.2,87,9.9,7.3,Guwahati,21.2
2024-06-03,31.4,86,12.3,21.2,Guwahati,15.2
2024-06-04,30.5,89,10.9,15.2,Guwahati,7.1
2024-06-05,31.4,85,7.5,7.1,Guwahati,6.1
2024-06-06,32.1,84,9.4,6.1,Guwahati,1.1
2024-06-07,32.6,81,12.6,1.1,Guwahati,6.0
2024-06-08,31.8,86,10.5,6.0,Guwahati,6.6
2024-06-09,31.2,88,12.4,6.6,Guwahati,2.3
2024-06-10,29.8,89,8.2,2.3,Guwahati,8.4
2024-06-11,32.6,86,8.4,8.4,Guwahati,8.6
2024-06-12,32.9,85,7.2,8.6,Guwahati,19.9
2024-06-13,30.8,91,11.2,19.9,Guwahati,7.3
2024-06-14,29.6,90,9.3,7.3,Guwahati,86.1
2024-06-15,28.9,94,8.0,86.1,Guwahati,45.6
2024-06-16,27.1,94,11.7,45.6,Guwahati,58.6
2024-06-17,28.8,94,7.8,58.6,Guwahati,66.1
2024-06-18,27.0,94,12.1,66.1,Guwahati,39.0
2024-06-19,26.7,94,17.2,39.0,Guwahati,23.8
2024-06-20,29.5,90,10.9,23.8,Guwahati,0.7
2024-06-21,31.5,85,5.6,0.7,Guwahati,5.6
2024-06-22,32.1,88,8.0,5.6,Guwahati,13.8
2024-06-23,32.8,85,8.7,13.8,Guwahati,9.6
2024-06-24,32.2,88,11.2,9.6,Guwahati,8.9
2024-06-25,31.7,89,13.2,8.9,Guwahati,16.7
2024-06-26,32.0,89,12.1,16.7,Guwahati,15.6
2024-06-27,31.2,88,9.4,15.6,Guwahati,23.0
2024-06-28,29.1,92,7.9,23.0,Guwahati,46.1
2024-06-29,29.2,93,8.8,46.1,Guwahati,51.4
2024-06-30,29.5,93,6.7,51.4,Guwahati,57.2
2024-07-01,26.3,97,12.3,57.2,Guwahati,27.7
2024-07-02,28.9,93,11.6,27.7,Guwahati,26.3
2024-07-03,31.3,91,8.7,26.3,Guwahati,18.0
2024-07-04,29.7,93,4.7,18.0,Guwahati,14.0
2024-07-05,30.0,91,8.0,14.0,Guwahati,21.2
2024-07-06,30.8,90,6.6,21.2,Guwahati,8.2
2024-07-07,31.3,89,9.4,8.2,Guwahati,11.3
2024-07-08,31.5,86,13.6,11.3,Guwahati,6.0
2024-07-09,30.3,87,15.0,6.0,Guwahati,8.8
2024-07-10,29.2,93,10.3,8.8,Guwahati,5.3
2024-07-11,30.3,92,9.4,5.3,Guwahati,44.7
2024-07-12,30.2,93,9.7,44.7,Guwahati,2.4
2024-07-13,32.7,84,8.0,2.4,Guwahati,30.1
2024-07-14,32.9,85,7.9,30.1,Guwahati,57.5
2024-07-15,32.6,89,6.9,57.5,Guwahati,16.1
2024-07-16,30.9,90,8.9,16.1,Guwahati,2.7
2024-07-17,33.8,81,10.5,2.7,Guwahati,2.6
2024-07-18,32.9,84,7.4,2.6,Guwahati,4.1
2024-07-19,34.6,83,11.4,4.1,Guwahati,22.5
2024-07-20,31.9,90,7.7,22.5,Guwahati,27.5
2024-07-21,32.2,89,6.5,27.5,Guwahati,113.5
2024-07-22,31.2,90,6.4,113.5,Guwahati,6.0
2024-07-23,30.6,91,6.6,6.0,Guwahati,5.5
2024-07-24,32.1,88,7.1,5.5,Guwahati,30.3
2024-07-25,32.0,91,6.8,30.3,Guwahati,0.4
2024-07-26,35.5,80,15.3,0.4,Guwahati,0.1
2024-07-27,36.7,76,11.3,0.1,Guwahati,2.1
2024-07-28,34.5,80,11.2,2.1,Guwahati,18.2
2024-07-29,31.9,86,8.0,18.2,Guwahati,15.2
2024-07-30,31.3,89,6.9,15.2,Guwahati,9.6
2024-07-31,32.9,86,6.6,9.6,Guwahati,1.4
2024-08-01,31.7,83,20.1,1.4,Guwahati,24.2
2024-08-02,28.9,92,8.0,24.2,Guwahati,28.8
2024-08-03,29.4,90,9.4,28.8,Guwahati,2.0
2024-08-04,31.2,88,7.8,2.0,Guwahati,33.8
2024-08-05,30.0,89,7.3,33.8,Guwahati,86.9
2024-08-06,26.8,95,6.2,86.9,Guwahati,13.5
2024-08-07,31.0,88,8.9,13.5,Guwahati,17.8
2024-08-08,29.6,92,8.4,17.8,Guwahati,9.5
2024-08-09,29.6,92,6.3,9.5,Guwahati,7.1
2024-08-10,29.8,89,5.9,7.1,Guwahati,13.3
2024-08-11,28.8,92,6.4,13.3,Guwahati,26.6
2024-08-12,30.2,90,7.7,26.6,Guwahati,10.3
2024-08-13,32.6,86,8.2,10.3,Guwahati,0.9
2024-08-14,32.8,82,8.7,0.9,Guwahati,11.4
2024-08-15,31.7,88,8.2,11.4,Guwahati,4.9
2024-08-16,33.6,85,10.4,4.9,Guwahati,16.6
2024-08-17,32.6,85,14.2,16.6,Guwahati,23.7
2024-08-18,30.3,90,8.7,23.7,Guwahati,23.1
2024-08-19,28.9,93,15.5,23.1,Guwahati,98.0
2024-08-20,28.5,90,18.4,98.0,Guwahati,44.5
2024-08-21,29.5,92,15.9,44.5,Guwahati,8.7
2024-08-22,29.8,89,12.2,8.7,Guwahati,3.0
2024-08-23,31.9,85,11.8,3.0,Guwahati,24.7
2024-08-24,32.4,84,9.0,24.7,Guwahati,6.2
2024-08-25,32.8,83,6.4,6.2,Guwahati,6.0
2024-08-26,31.6,86,10.8,6.0,Guwahati,0.4
2024-08-27,31.8,85,8.3,0.4,Guwahati,0.1
2024-08-28,32.2,81,8.6,0.1,Guwahati,3.4
2024-08-29,32.1,83,9.2,3.4,Guwahati,1.3
2024-08-30,34.1,80,12.8,1.3,Guwahati,22.2
2024-08-31,32.4,87,8.2,22.2,Guwahati,14.0
2024-09-01,31.0,88,8.4,14.0,Guwahati,6.4
2024-09-02,32.8,83,8.5,6.4,Guwahati,30.7
2024-09-03,31.2,90,11.8,30.7,Guwahati,10.6
2024-09-04,31.2,88,8.9,10.6,Guwahati,18.1
2024-09-05,30.3,88,6.5,18.1,Guwahati,0.8
2024-09-06,33.2,84,9.9,0.8,Guwahati,0.4
2024-09-07,34.2,82,14.6,0.4,Guwahati,1.6
2024-09-08,34.1,82,9.7,1.6,Guwahati,3.5
2024-09-09,32.9,83,9.7,3.5,Guwahati,1.8
2024-09-10,32.8,82,10.9,1.8,Guwahati,3.7
2024-09-11,31.1,85,11.9,3.7,Guwahati,0.0
2024-09-12,33.7,81,10.4,0.0,Guwahati,0.4
2024-09-13,34.0,77,17.7,0.4,Guwahati,0.2
2024-09-14,32.9,73,15.2,0.2,Guwahati,2.4
2024-09-15,30.9,84,8.6,2.4,Guwahati,6.8
2024-09-16,31.7,84,6.8,6.8,Guwahati,0.7
2024-09-17,33.3,80,7.6,0.7,Guwahati,0.0
2024-09-18,33.9,79,6.2,0.0,Guwahati,0.2
2024-09-19,35.3,76,7.3,0.2,Guwahati,0.0
2024-09-20,35.4,74,6.8,0.0,Guwahati,0.0
2024-09-21,36.2,73,6.2,0.0,Guwahati,0.0
2024-09-22,36.1,74,8.7,0.0,Guwahati,0.0
2024-09-23,37.5,74,11.8,0.0,Guwahati,24.9
2024-09-24,32.0,86,12.9,24.9,Guwahati,15.7
2024-09-25,30.3,91,8.4,15.7,Guwahati,27.3
2024-09-26,26.1,94,6.7,27.3,Guwahati,3.1
2024-09-27,29.3,89,7.5,3.1,Guwahati,1.3
2024-09-28,29.3,90,14.2,1.3,Guwahati,4.5
2024-09-29,30.0,90,13.8,4.5,Guwahati,4.8
2024-09-30,31.0,89,14.8,4.8,Guwahati,16.6
2024-10-01,28.5,92,8.4,16.6,Guwahati,10.9
2024-10-02,30.1,92,12.1,10.9,Guwahati,25.4
2024-10-03,27.3,94,15.2,25.4,Guwahati,42.7
2024-10-04,25.4,96,12.6,42.7,Guwahati,33.8
2024-10-05,25.4,96,12.3,33.8,Guwahati,11.4
2024-10-06,27.9,92,9.8,11.4,Guwahati,0.6
2024-10-07,30.7,86,7.1,0.6,Guwahati,5.2
2024-10-08,29.3,89,15.7,5.2,Guwahati,4.1
2024-10-09,28.5,90,14.6,4.1,Guwahati,2.3
2024-10-10,28.4,90,7.4,2.3,Guwahati,10.3
2024-10-11,28.9,89,13.8,10.3,Guwahati,0.6
2024-10-12,28.1,88,9.6,0.6,Guwahati,0.8
2024-10-13,29.0,85,8.0,0.8,Guwahati,0.1
2024-10-14,29.3,85,7.9,0.1,Guwahati,1.0
2024-10-15,29.5,84,10.3,1.0,Guwahati,5.6
2024-10-16,27.6,90,9.2,5.6,Guwahati,0.6
2024-10-17,28.8,85,6.3,0.6,Guwahati,1.5
2024-10-18,28.4,87,8.1,1.5,Guwahati,1.6
2024-10-19,28.0,86,7.9,1.6,Guwahati,0.0
2024-10-20,28.8,85,12.9,0.0,Guwahati,0.0
2024-10-21,29.8,83,12.0,0.0,Guwahati,0.0
2024-10-22,30.5,83,12.7,0.0,Guwahati,1.1
2024-10-23,28.8,85,14.7,1.1,Guwahati,3.6
2024-10-24,24.3,92,11.1,3.6,Guwahati,7.4
2024-10-25,26.8,87,13.6,7.4,Guwahati,2.4
2024-10-26,27.4,87,9.8,2.4,Guwahati,0.0
2024-10-27,29.4,83,7.2,0.0,Guwahati,0.0
2024-10-28,29.5,84,6.1,0.0,Guwahati,0.9
2024-10-29,28.6,86,9.8,0.9,Guwahati,14.1
2024-10-30,28.9,87,11.9,14.1,Guwahati,4.3
2024-10-31,27.5,92,8.0,4.3,Guwahati,1.6
2024-11-01,27.9,88,8.5,1.6,Guwahati,0.0
2024-11-02,29.0,85,8.6,0.0,Guwahati,0.0
2024-11-03,29.3,84,6.4,0.0,Guwahati,0.0
2024-11-04,29.6,86,8.9,0.0,Guwahati,0.0
2024-11-05,29.9,85,11.4,0.0,Guwahati,0.2
2024-11-06,27.8,84,7.1,0.2,Guwahati,0.0
2024-11-07,27.8,83,9.1,0.0,Guwahati,0.0
2024-11-08,27.2,79,10.3,0.0,Guwahati,0.0
2024-11-09,27.8,80,12.2,0.0,Guwahati,0.0
2024-11-10,28.6,81,9.9,0.0,Guwahati,0.0
2024-11-11,29.0,81,6.5,0.0,Guwahati,2.0
2024-11-12,28.0,81,9.0,2.0,Guwahati,0.0
2024-11-13,28.0,82,6.7,0.0,Guwahati,0.0
2024-11-14,28.5,80,6.1,0.0,Guwahati,0.0
2024-11-15,27.9,80,6.1,0.0,Guwahati,0.5
2024-11-16,27.6,79,5.8,0.5,Guwahati,0.0
2024-11-17,27.8,80,4.9,0.0,Guwahati,0.0
2024-11-18,27.9,79,8.4,0.0,Guwahati,0.0
2024-11-19,28.1,76,8.2,0.0,Guwahati,0.0
2024-11-20,27.4,73,11.9,0.0,Guwahati,0.0
2024-11-21,28.0,76,11.3,0.0,Guwahati,3.0
2024-11-22,25.7,81,14.9,3.0,Guwahati,0.0
2024-11-23,25.6,83,8.8,0.0,Guwahati,1.8
2024-11-24,24.5,83,8.1,1.8,Guwahati,0.0
2024-11-25,24.8,83,12.0,0.0,Guwahati,0.0
2024-11-26,25.6,81,10.4,0.0,Guwahati,0.0
2024-11-27,26.1,78,10.6,0.0,Guwahati,0.0
2024-11-28,26.3,75,12.4,0.0,Guwahati,0.0
2024-11-29,26.8,76,11.4,0.0,Guwahati,0.0
2024-11-30,26.9,77,8.3,0.0,Guwahati,0.0
2024-12-01,25.9,79,6.7,0.0,Guwahati,0.0
2024-12-02,26.0,80,9.3,0.0,Guwahati,0.0
2024-12-03,25.6,81,6.9,0.0,Guwahati,0.2
2024-12-04,25.2,80,6.3,0.2,Guwahati,0.5
2024-12-05,24.6,81,6.9,0.5,Guwahati,3.8
2024-12-06,24.0,83,6.9,3.8,Guwahati,1.1
2024-12-07,23.5,84,6.9,1.1,Guwahati,0.0
2024-12-08,24.3,83,10.4,0.0,Guwahati,0.0
2024-12-09,23.8,82,7.3,0.0,Guwahati,0.4
2024-12-10,23.0,81,8.5,0.4,Guwahati,0.2
2024-12-11,22.9,85,6.1,0.2,Guwahati,0.0
2024-12-12,23.7,82,7.1,0.0,Guwahati,0.0
2024-12-13,23.6,81,7.6,0.0,Guwahati,0.0
2024-12-14,24.0,80,8.5,0.0,Guwahati,0.0
2024-12-15,23.9,80,10.2,0.0,Guwahati,0.0
2024-12-16,24.3,76,6.7,0.0,Guwahati,0.0
2024-12-17,22.9,79,6.3,0.0,Guwahati,0.0
2024-12-18,23.2,82,7.0,0.0,Guwahati,0.0
2024-12-19,24.3,84,7.7,0.0,Guwahati,0.0
2024-12-20,24.1,83,6.2,0.0,Guwahati,0.0
2024-12-21,23.8,81,9.5,0.0,Guwahati,0.2
2024-12-22,23.0,81,8.6,0.2,Guwahati,0.0
2024-12-23,23.3,79,8.2,0.0,Guwahati,0.0
2024-12-24,23.5,82,6.8,0.0,Guwahati,0.0
2024-12-25,23.5,81,5.4,0.0,Guwahati,0.0
2024-12-26,24.2,81,7.1,0.0,Guwahati,0.0
2024-12-27,23.6,81,8.2,0.0,Guwahati,0.0
2024-12-28,24.1,79,9.7,0.0,Guwahati,0.0
2024-12-29,23.4,78,6.9,0.0,Guwahati,0.0
2024-12-30,24.0,79,7.3,0.0,Guwahati,0.0
2024-12-31,23.7,83,6.7,0.0,Guwahati,0.0
2025-01-01,23.2,85,8.3,0.0,Guwahati,0.0
2025-01-02,23.3,86,6.8,0.0,Guwahati,0.0
2025-01-03,23.5,87,5.9,0.0,Guwahati,0.0
2025-01-04,24.2,82,6.5,0.0,Guwahati,0.0
2025-01-05,24.1,82,6.7,0.0,Guwahati,0.0
2025-01-06,24.8,81,7.7,0.0,Guwahati,10.5
2025-01-07,22.9,84,14.1,10.5,Guwahati,3.6
2025-01-08,21.9,84,10.4,3.6,Guwahati,0.9
2025-01-09,21.9,83,9.7,0.9,Guwahati,0.0
2025-01-10,23.7,79,11.1,0.0,Guwahati,0.0
2025-01-11,24.0,78,10.4,0.0,Guwahati,0.0
2025-01-12,23.2,76,5.2,0.0,Guwahati,1.5
2025-01-13,23.6,80,11.4,1.5,Guwahati,0.1
2025-01-14,23.2,84,8.5,0.1,Guwahati,0.0
2025-01-15,23.8,82,10.1,0.0,Guwahati,0.0
2025-01-16,24.6,79,6.7,0.0,Guwahati,0.0
2025-01-17,24.9,78,6.3,0.0,Guwahati,0.0
2025-01-18,24.7,79,6.1,0.0,Guwahati,0.0
2025-01-19,24.3,79,7.3,0.0,Guwahati,0.0
2025-01-20,24.1,81,8.7,0.0,Guwahati,0.0
2025-01-21,24.8,80,9.4,0.0,Guwahati,0.0
2025-01-22,24.2,81,8.3,0.0,Guwahati,0.0
2025-01-23,24.2,80,7.9,0.0,Guwahati,0.0
2025-01-24,22.5,80,10.4,0.0,Guwahati,0.3
2025-01-25,21.4,80,8.1,0.3,Guwahati,0.0
2025-01-26,23.9,79,10.4,0.0,Guwahati,0.0
2025-01-27,23.8,79,8.0,0.0,Guwahati,0.0
2025-01-28,22.6,83,8.9,0.0,Guwahati,0.8
2025-01-29,22.9,85,9.8,0.8,Guwahati,0.3
2025-01-30,22.5,82,10.7,0.3,Guwahati,0.2
2025-01-31,23.3,84,9.0,0.2,Guwahati,0.8
2025-02-01,23.4,85,6.5,0.8,Guwahati,0.1
2025-02-02,23.7,80,9.1,0.1,Guwahati,0.0
2025-02-03,23.1,81,7.9,0.0,Guwahati,0.0
2025-02-04,25.7,77,8.1,0.0,Guwahati,0.0
2025-02-05,25.2,77,8.2,0.0,Guwahati,0.4
2025-02-06,24.2,82,7.2,0.4,Guwahati,0.1
2025-02-07,22.8,78,9.9,0.1,Guwahati,0.0
2025-02-08,24.4,76,7.5,0.0,Guwahati,0.0
2025-02-09,25.0,75,8.0,0.0,Guwahati,0.0
2025-02-10,24.7,72,9.9,0.0,Guwahati,0.0
2025-02-11,23.5,79,9.0,0.0,Guwahati,0.2
2025-02-12,23.6,82,9.3,0.2,Guwahati,0.6
2025-02-13,22.8,82,10.3,0.6,Guwahati,0.0
2025-02-14,22.8,80,12.1,0.0,Guwahati,0.1
2025-02-15,23.1,77,9.2,0.1,Guwahati,0.1
2025-02-16,23.2,76,10.5,0.1,Guwahati,0.0
2025-02-17,25.0,72,10.1,0.0,Guwahati,0.0
2025-02-18,24.8,76,11.3,0.0,Guwahati,0.4
2025-02-19,24.4,80,10.5,0.4,Guwahati,0.0
2025-02-20,25.3,77,11.3,0.0,Guwahati,0.2
2025-02-21,26.9,74,10.6,0.2,Guwahati,5.4
2025-02-22,25.0,79,11.9,5.4,Guwahati,7.8
2025-02-23,24.0,85,8.3,7.8,Guwahati,4.1
2025-02-24,24.9,84,13.0,4.1,Guwahati,0.2
2025-02-25,24.6,82,14.2,0.2,Guwahati,0.0
2025-02-26,26.1,80,9.3,0.0,Guwahati,0.0
2025-02-27,27.3,73,7.5,0.0,Guwahati,0.0
2025-02-28,27.8,70,7.8,0.0,Guwahati,3.4
2025-03-01,26.4,79,12.8,3.4,Guwahati,0.0
2025-03-02,30.7,76,15.4,0.0,Guwahati,0.0
2025-03-03,27.3,79,7.2,0.0,Guwahati,0.0
2025-03-04,26.6,71,8.8,0.0,Guwahati,0.1
2025-03-05,27.0,65,10.6,0.1,Guwahati,0.0
2025-03-06,26.4,71,11.5,0.0,Guwahati,0.0
2025-03-07,27.9,65,9.0,0.0,Guwahati,0.1
2025-03-08,26.3,67,10.4,0.1,Guwahati,0.5
2025-03-09,28.0,70,12.0,0.5,Guwahati,0.0
2025-03-10,29.2,68,9.0,0.0,Guwahati,0.1
2025-03-11,26.5,70,8.5,0.1,Guwahati,5.9
2025-03-12,25.8,82,11.2,5.9,Guwahati,13.5
2025-03-13,23.8,87,14.4,13.5,Guwahati,7.3
2025-03-14,25.6,85,12.2,7.3,Guwahati,0.3
2025-03-15,26.7,86,11.8,0.3,Guwahati,0.1
2025-03-16,27.0,86,9.1,0.1,Guwahati,0.0
2025-03-17,32.9,63,18.9,0.0,Guwahati,0.0
2025-03-18,31.5,42,25.9,0.0,Guwahati,0.0
2025-03-19,29.0,56,9.5,0.0,Guwahati,0.0
2025-03-20,29.4,63,8.6,0.0,Guwahati,0.1
2025-03-21,26.1,77,11.4,0.1,Guwahati,0.5
2025-03-22,23.8,87,13.6,0.5,Guwahati,0.0
2025-03-23,26.8,79,10.1,0.0,Guwahati,0.0
2025-03-24,30.4,66,10.7,0.0,Guwahati,0.0
2025-03-25,31.5,58,11.5,0.0,Guwahati,0.0
2025-03-26,32.9,52,10.4,0.0,Guwahati,0.0
2025-03-27,33.0,50,11.5,0.0,Guwahati,0.2
2025-03-28,33.8,58,15.0,0.2,Guwahati,0.1
2025-03-29,30.6,73,14.0,0.1,Guwahati,0.0
2025-03-30,33.0,64,10.7,0.0,Guwahati,0.0
2025-03-31,33.5,45,15.5,0.0,Guwahati,0.0
2025-04-01,32.5,56,10.9,0.0,Guwahati,0.0
2025-04-02,33.0,63,10.0,0.0,Guwahati,0.0
2025-04-03,34.0,55,12.2,0.0,Guwahati,0.0
2025-04-04,34.4,49,11.0,0.0,Guwahati,0.2
2025-04-05,33.5,52,10.6,0.2,Guwahati,0.2
2025-04-06,32.0,66,12.8,0.2,Guwahati,0.0
2025-04-07,34.4,59,10.1,0.0,Guwahati,0.0
2025-04-08,34.7,50,13.7,0.0,Guwahati,0.3
2025-04-09,31.9,62,10.9,0.3,Guwahati,4.0
2025-04-10,30.9,76,14.3,4.0,Guwahati,4.1
2025-04-11,30.3,80,6.8,4.1,Guwahati,13.5
2025-04-12,30.8,82,9.6,13.5,Guwahati,3.1
2025-04-13,29.0,83,9.9,3.1,Guwahati,0.0
2025-04-14,32.4,72,7.2,0.0,Guwahati,1.6
2025-04-15,32.0,73,13.5,1.6,Guwahati,4.7
2025-04-16,30.0,78,12.9,4.7,Guwahati,6.4
2025-04-17,28.0,86,9.5,6.4,Guwahati,8.2
2025-04-18,28.4,86,9.3,8.2,Guwahati,1.2
2025-04-19,31.3,79,9.2,1.2,Guwahati,15.1
2025-04-20,30.0,85,11.0,15.1,Guwahati,10.7
2025-04-21,29.3,89,10.4,10.7,Guwahati,26.9
2025-04-22,25.9,93,9.4,26.9,Guwahati,1.2
2025-04-23,29.0,89,13.8,1.2,Guwahati,0.0
2025-04-24,33.8,79,10.1,0.0,Guwahati,0.0
2025-04-25,29.8,82,10.2,0.0,Guwahati,0.4
2025-04-26,30.4,81,11.2,0.4,Guwahati,3.7
2025-04-27,31.7,78,12.8,3.7,Guwahati,8.8
2025-04-28,28.6,85,17.0,8.8,Guwahati,5.3
2025-04-29,25.1,88,15.3,5.3,Guwahati,0.1
2025-04-30,30.5,81,15.4,0.1,Guwahati,2.1
2025-05-01,29.6,81,10.7,2.1,Guwahati,1.5
2025-05-02,31.1,81,10.7,1.5,Guwahati,7.5
2025-05-03,30.5,77,10.9,7.5,Guwahati,2.3
2025-05-04,32.3,73,11.8,2.3,Guwahati,7.5
2025-05-05,32.1,76,14.3,7.5,Guwahati,0.8
2025-05-06,31.6,78,11.0,0.8,Guwahati,6.6
2025-05-07,32.2,75,15.6,6.6,Guwahati,7.8
2025-05-08,31.3,81,7.5,7.8,Guwahati,5.7
2025-05-09,33.1,79,7.0,5.7,Guwahati,3.6
2025-05-10,34.4,72,10.1,3.6,Guwahati,7.1
2025-05-11,33.5,72,13.5,7.1,Guwahati,29.2
2025-05-12,29.7,88,8.5,29.2,Guwahati,6.0
2025-05-13,28.8,89,10.6,6.0,Guwahati,3.4
2025-05-14,30.0,87,9.9,3.4,Guwahati,15.4
2025-05-15,29.6,90,12.7,15.4,Guwahati,2.7
2025-05-16,29.5,86,11.5,2.7,Guwahati,6.2
2025-05-17,29.1,87,14.1,6.2,Guwahati,43.2
2025-05-18,30.8,88,7.8,43.2,Guwahati,2.9
2025-05-19,27.0,90,7.8,2.9,Guwahati,48.0
2025-05-20,26.8,94,17.5,48.0,Guwahati,27.5
2025-05-21,29.2,90,7.9,27.5,Guwahati,6.6
2025-05-22,30.5,88,8.0,6.6,Guwahati,3.0
2025-05-23,31.2,84,7.4,3.0,Guwahati,1.9
2025-05-24,32.5,84,8.5,1.9,Guwahati,6.2
2025-05-25,32.9,84,11.5,6.2,Guwahati,26.0
2025-05-26,28.3,93,10.8,26.0,Guwahati,20.4
2025-05-27,31.7,89,12.2,20.4,Guwahati,1.2
2025-05-28,34.0,82,15.1,1.2,Guwahati,30.3
2025-05-29,27.2,97,18.5,30.3,Guwahati,158.5
2025-05-30,24.3,98,26.4,158.5,Guwahati,5.9
2025-05-31,30.5,90,14.4,5.9,Guwahati,3.7
2025-06-01,30.8,89,7.1,3.7,Guwahati,0.4
2025-06-02,30.5,87,9.2,0.4,Guwahati,0.6
2025-06-03,29.4,86,8.9,0.6,Guwahati,13.8
2025-06-04,27.6,90,10.3,13.8,Guwahati,32.7
2025-06-05,31.0,88,10.0,32.7,Guwahati,4.8
2025-06-06,31.9,83,11.1,4.8,Guwahati,0.8
2025-06-07,31.1,81,9.8,0.8,Guwahati,0.4
2025-06-08,33.2,78,9.0,0.4,Guwahati,0.0
2025-06-09,34.5,72,9.4,0.0,Guwahati,0.4
2025-06-10,35.4,73,10.4,0.4,Guwahati,2.8
2025-06-11,35.4,74,11.6,2.8,Guwahati,0.1
2025-06-12,37.3,66,11.0,0.1,Guwahati,0.5
2025-06-13,38.1,64,11.9,0.5,Guwahati,2.2
2025-06-14,35.0,75,11.3,2.2,Guwahati,19.0
2025-06-15,34.0,85,10.8,19.0,Guwahati,19.0
2025-06-16,30.9,90,9.9,19.0,Guwahati,12.4
2025-06-17,31.6,89,11.2,12.4,Guwahati,8.1
2025-06-18,32.5,87,11.0,8.1,Guwahati,18.2
2025-06-19,30.9,93,8.5,18.2,Guwahati,3.5
2025-06-20,31.2,92,12.7,3.5,Guwahati,43.3
2025-06-21,30.6,92,9.0,43.3,Guwahati,13.8
2025-06-22,31.4,88,8.7,13.8,Guwahati,31.9
2025-06-23,31.3,91,11.7,31.9,Guwahati,19.7
2025-06-24,30.6,90,9.6,19.7,Guwahati,14.3
2025-06-25,32.0,86,16.0,14.3,Guwahati,3.4
2025-06-26,32.5,87,10.7,3.4,Guwahati,9.0
2025-06-27,32.0,85,8.1,9.0,Guwahati,3.4
2025-06-28,32.7,86,7.8,3.4,Guwahati,5.9
2025-06-29,32.1,88,6.9,5.9,Guwahati,45.8
2025-06-30,32.8,89,8.5,45.8,Guwahati,17.8
2025-07-01,32.0,91,8.0,17.8,Guwahati,60.7
2025-07-02,31.5,92,8.4,60.7,Guwahati,11.0
2025-07-03,31.1,91,6.4,11.0,Guwahati,43.6
2025-07-04,31.2,93,8.5,43.6,Guwahati,31.3
2025-07-05,30.3,94,7.3,31.3,Guwahati,12.1
2025-07-06,32.2,85,18.0,12.1,Guwahati,0.3
2025-07-07,31.8,85,12.9,0.3,Guwahati,0.9
2025-07-08,33.0,83,16.4,0.9,Guwahati,14.8
2025-07-09,31.5,86,14.3,14.8,Guwahati,6.3
2025-07-10,31.4,87,7.6,6.3,Guwahati,0.4
2025-07-11,34.1,79,11.2,0.4,Guwahati,0.6
2025-07-12,34.2,79,7.7,0.6,Guwahati,1.9
2025-07-13,35.8,79,13.9,1.9,Guwahati,10.6
2025-07-14,32.3,88,10.8,10.6,Guwahati,23.8
2025-07-15,30.2,88,7.0,23.8,Guwahati,0.9
2025-07-16,31.8,84,9.7,0.9,Guwahati,3.0
2025-07-17,32.6,82,13.5,3.0,Guwahati,0.6
2025-07-18,33.4,81,16.0,0.6,Guwahati,2.9
2025-07-19,33.3,86,10.8,2.9,Guwahati,12.3
2025-07-20,30.3,91,8.4,12.3,Guwahati,8.5
2025-07-21,33.1,85,8.4,8.5,Guwahati,14.8
2025-07-22,33.2,84,10.5,14.8,Guwahati,2.0
2025-07-23,34.8,80,9.9,2.0,Guwahati,0.0
2025-07-24,36.7,75,12.5,0.0,Guwahati,8.5
2025-07-25,34.4,83,17.6,8.5,Guwahati,10.2
2025-07-26,32.3,88,9.2,10.2,Guwahati,48.7
2025-07-27,30.5,93,6.9,48.7,Guwahati,24.8
2025-07-28,31.4,92,6.7,24.8,Guwahati,23.8
2025-07-29,32.4,89,8.7,23.8,Guwahati,23.1
2025-07-30,30.6,89,8.1,23.1,Guwahati,13.2
2025-07-31,32.6,85,11.5,13.2,Guwahati,12.9
2025-08-01,31.2,91,7.4,12.9,Guwahati,46.2
2025-08-02,29.2,93,8.0,46.2,Guwahati,16.6
2025-08-03,31.3,92,14.2,16.6,Guwahati,11.9
2025-08-04,30.4,90,13.2,11.9,Guwahati,7.6
2025-08-05,31.1,90,12.3,7.6,Guwahati,0.9
2025-08-06,31.8,85,13.0,0.9,Guwahati,10.1
2025-08-07,29.8,90,5.6,10.1,Guwahati,39.7
2025-08-08,30.5,92,6.6,39.7,Guwahati,10.3
2025-08-09,31.0,87,11.9,10.3,Guwahati,1.7
2025-08-10,30.3,89,5.7,1.7,Guwahati,9.7
2025-08-11,30.6,91,8.6,9.7,Guwahati,64.9
2025-08-12,30.2,95,9.6,64.9,Guwahati,37.3
2025-08-13,27.3,96,7.0,37.3,Guwahati,0.0
2025-08-14,32.2,85,5.9,0.0,Guwahati,0.2
2025-08-15,33.1,82,8.9,0.2,Guwahati,0.0
2025-08-16,34.6,77,8.6,0.0,Guwahati,1.7
2025-08-17,33.5,82,12.9,1.7,Guwahati,0.4
2025-08-18,33.9,83,10.8,0.4,Guwahati,5.1
2025-08-19,31.2,86,9.1,5.1,Guwahati,4.3
2025-08-20,30.1,91,6.5,4.3,Guwahati,50.5
2025-08-21,31.1,90,7.4,50.5,Guwahati,0.6
2025-08-22,32.2,88,9.9,0.6,Guwahati,0.7
2025-08-23,31.6,86,6.8,0.7,Guwahati,25.9
2025-08-24,29.8,93,9.7,25.9,Guwahati,6.2
2025-08-25,31.5,89,4.9,6.2,Guwahati,0.2
2025-08-26,33.9,82,9.8,0.2,Guwahati,16.0
2025-08-27,32.1,89,12.6,16.0,Guwahati,15.0
2025-08-28,29.7,92,7.9,15.0,Guwahati,18.2
2025-08-29,30.6,90,6.2,18.2,Guwahati,13.9
2025-08-30,30.2,91,7.1,13.9,Guwahati,0.9
2025-08-31,32.6,85,10.3,0.9,Guwahati,0.5
2025-09-01,34.3,81,13.0,0.5,Guwahati,4.5
2025-09-02,33.5,84,6.8,4.5,Guwahati,8.4
2025-09-03,34.5,80,10.9,8.4,Guwahati,7.6
2025-09-04,32.9,85,7.7,7.6,Guwahati,7.5
2025-09-05,31.5,85,6.3,7.5,Guwahati,4.6
2025-09-06,32.7,86,11.0,4.6,Guwahati,14.0
2025-09-07,31.6,88,11.1,14.0,Guwahati,3.6
2025-09-08,31.8,86,11.1,3.6,Guwahati,6.6
2025-09-09,32.5,86,11.2,6.6,Guwahati,18.7
2025-09-10,31.1,90,9.2,18.7,Guwahati,7.1
2025-09-11,32.0,90,9.4,7.1,Guwahati,17.7
2025-09-12,30.8,90,7.6,17.7,Guwahati,14.9
2025-09-13,31.4,91,14.1,14.9,Guwahati,16.0
2025-09-14,27.7,94,5.8,16.0,Guwahati,14.4
2025-09-15,28.1,94,7.1,14.4,Guwahati,30.2
2025-09-16,27.4,96,6.3,30.2,Guwahati,9.2
2025-09-17,30.2,90,10.3,9.2,Guwahati,7.3
2025-09-18,30.7,90,11.6,7.3,Guwahati,8.9
2025-09-19,31.5,90,10.1,8.9,Guwahati,1.2
2025-09-20,32.5,87,7.5,1.2,Guwahati,1.6
2025-09-21,33.4,85,9.3,1.6,Guwahati,1.8
2025-09-22,33.5,85,11.4,1.8,Guwahati,5.8
2025-09-23,32.9,84,11.3,5.8,Guwahati,4.1
2025-09-24,32.5,86,9.6,4.1,Guwahati,0.0
2025-09-25,33.8,84,11.1,0.0,Guwahati,0.0
2025-09-26,35.3,78,11.8,0.0,Guwahati,4.4
2025-09-27,31.2,85,14.3,4.4,Guwahati,0.5
2025-09-28,32.5,84,6.3,0.5,Guwahati,0.2
2025-09-29,33.6,81,6.6,0.2,Guwahati,0.0
2025-09-30,35.1,76,6.3,0.0,Guwahati,13.5
2025-10-01,27.2,90,11.7,13.5,Guwahati,11.8
2025-10-02,30.1,90,9.1,11.8,Guwahati,4.6
2025-10-03,30.2,90,12.0,4.6,Guwahati,0.3
2025-10-04,31.6,86,15.1,0.3,Guwahati,8.3
2025-10-05,28.4,90,8.5,8.3,Guwahati,0.8
2025-10-06,29.5,88,8.1,0.8,Guwahati,2.2
2025-10-07,31.3,85,10.5,2.2,Guwahati,14.5
2025-10-08,30.6,87,9.6,14.5,Guwahati,1.1
2025-10-09,30.5,87,5.9,1.1,Guwahati,19.0
2025-10-10,30.5,86,5.8,19.0,Guwahati,18.7
2025-10-11,28.7,93,5.2,18.7,Guwahati,1.2
2025-10-12,29.5,87,7.1,1.2,Guwahati,0.6
2025-10-13,31.0,85,5.9,0.6,Guwahati,0.2
2025-10-14,31.9,82,9.3,0.2,Guwahati,0.2
2025-10-15,33.1,78,6.8,0.2,Guwahati,0.0
2025-10-16,33.4,73,7.2,0.0,Guwahati,0.0
2025-10-17,33.8,72,9.2,0.0,Guwahati,0.0
2025-10-18,34.0,69,9.9,0.0,Guwahati,0.0
2025-10-19,33.8,66,8.0,0.0,Guwahati,0.0
2025-10-20,34.3,65,7.7,0.0,Guwahati,0.0
2025-10-21,33.9,68,8.6,0.0,Guwahati,0.0
2025-10-22,34.2,70,7.7,0.0,Guwahati,0.0
2025-10-23,32.7,74,15.5,0.0,Guwahati,8.2
2025-10-24,31.7,74,17.1,8.2,Guwahati,1.7
2025-10-25,30.6,81,10.7,1.7,Guwahati,11.5
2025-10-26,30.7,82,8.7,11.5,Guwahati,0.0
2025-10-27,31.2,80,11.3,0.0,Guwahati,0.1
2025-10-28,32.2,77,6.8,0.1,Guwahati,0.1
2025-10-29,29.5,78,5.4,0.1,Guwahati,3.5
2025-10-30,27.9,85,9.8,3.5,Guwahati,13.8
2025-10-31,25.8,89,10.7,13.8,Guwahati,25.2
2025-11-01,25.9,95,10.7,25.2,Guwahati,2.7
2025-11-02,27.1,89,13.4,2.7,Guwahati,0.5
2025-11-03,28.4,90,7.0,0.5,Guwahati,0.0
2025-11-04,29.9,85,11.2,0.0,Guwahati,0.4
2025-11-05,30.4,84,11.2,0.4,Guwahati,0.4
2025-11-06,29.3,85,8.9,0.4,Guwahati,0.0
2025-11-07,29.3,83,6.3,0.0,Guwahati,0.0
2025-11-08,29.4,81,7.4,0.0,Guwahati,0.0
2025-11-09,29.3,81,5.7,0.0,Guwahati,0.0
2025-11-10,28.7,76,6.9,0.0,Guwahati,1.1
2025-11-11,27.6,79,7.4,1.1,Guwahati,0.0
2025-11-12,27.5,81,5.8,0.0,Guwahati,0.2
2025-11-13,27.8,81,5.8,0.2,Guwahati,0.0
2025-11-14,27.7,80,5.7,0.0,Guwahati,0.0
2025-11-15,27.6,77,8.8,0.0,Guwahati,0.0
2025-11-16,27.6,75,10.7,0.0,Guwahati,0.0
2025-11-17,27.5,76,10.7,0.0,Guwahati,0.0
2025-11-18,27.9,76,10.2,0.0,Guwahati,0.0
2025-11-19,27.8,76,8.3,0.0,Guwahati,0.0
2025-11-20,27.8,77,6.1,0.0,Guwahati,0.1
2025-11-21,26.9,77,7.8,0.1,Guwahati,1.5
2025-11-22,26.2,83,8.8,1.5,Guwahati,3.3
2025-11-23,24.8,85,6.2,3.3,Guwahati,0.4
2025-11-24,25.2,84,10.0,0.4,Guwahati,0.0
2025-11-25,26.8,78,9.2,0.0,Guwahati,0.0
2025-11-26,27.2,75,11.7,0.0,Guwahati,0.0
2025-11-27,26.8,75,12.9,0.0,Guwahati,0.0
2025-11-28,27.5,76,7.1,0.0,Guwahati,0.1
2025-11-29,26.3,78,6.1,0.1,Guwahati,0.0
2025-11-30,25.9,80,5.6,0.0,Guwahati,0.0
2025-12-01,25.8,81,4.9,0.0,Guwahati,0.5
2025-12-02,25.3,83,4.5,0.5,Guwahati,0.0
2025-12-03,25.6,84,6.0,0.0,Guwahati,0.0
2025-12-04,25.8,81,8.2,0.0,Guwahati,0.0
2025-12-05,25.4,81,7.0,0.0,Guwahati,0.0
2025-12-06,25.1,80,6.5,0.0,Guwahati,0.0
2025-12-07,24.5,81,7.0,0.0,Guwahati,0.0
2025-12-08,24.7,81,7.4,0.0,Guwahati,0.0
2025-12-09,24.6,79,5.9,0.0,Guwahati,0.0
2025-12-10,24.5,81,6.7,0.0,Guwahati,0.0
2025-12-11,24.6,81,7.2,0.0,Guwahati,0.0
2025-12-12,24.6,77,8.4,0.0,Guwahati,0.0
2025-12-13,24.3,80,7.8,0.0,Guwahati,0.0
2025-12-14,24.6,84,6.2,0.0,Guwahati,0.0
2025-12-15,24.6,83,6.6,0.0,Guwahati,0.0
2025-12-16,24.4,83,6.1,0.0,Guwahati,0.0
2025-12-17,24.8,82,12.0,0.0,Guwahati,0.0
2025-12-18,25.5,79,7.2,0.0,Guwahati,0.0
2025-12-19,24.4,83,6.5,0.0,Guwahati,0.0
2025-12-20,24.1,82,8.4,0.0,Guwahati,0.0
2025-12-21,24.3,84,8.3,0.0,Guwahati,0.0
2025-12-22,24.1,81,6.1,0.0,Guwahati,0.4
2025-12-23,23.6,81,8.1,0.4,Guwahati,2.6
2025-12-24,22.2,87,6.9,2.6,Guwahati,1.9
2025-12-25,23.3,86,7.4,1.9,Guwahati,0.1
2025-12-26,23.2,86,6.9,0.1,Guwahati,0.3
2025-12-27,22.9,85,5.2,0.3,Guwahati,0.0
2025-12-28,22.6,84,6.5,0.0,Guwahati,0.1
2025-12-29,21.4,87,9.4,0.1,Guwahati,0.7
2025-12-30,19.7,85,8.4,0.7,Guwahati,0.0
